,Unnamed: 0,강원도,가평군,가경동,Unnamed: 4,Unnamed: 5,Unnamed: 6,Unnamed: 7,Unnamed: 8,Unnamed: 9,Unnamed: 10,Unnamed: 11,Unnamed: 12,Unnamed: 13,Unnamed: 14,Unnamed: 15,Unnamed: 16
0,,경기도,강남구,가곡동,,,,,,,,,,,,,
1,,경상남도,강동구,가곡면,,,,,,,,,,,,,
2,,경상북도,강릉시,가남읍,,,,,,,,,,,,,
3,,광주광역시,강북구,가능동,,,,,,,,,,,,,
4,,대구광역시,강서구,가덕도동,,,,,,,,,,,,,
5,,대전광역시,강진군,가덕면,,,,,,,,,,,,,
6,,부산광역시,강화군,가락1동,,,,,,,,,,,,,
7,,서울특별시,거제시,가락2동,,,,,,,,,,,,,
8,,세종특별자치시,거창군,가락동,,,,,,,,,,,,,
9,,울산광역시,경산시,가락본동,,,,,,,,,,,,,
10,,이어도,경주시,가례면,,,,,,,,,,,,,
11,,인천광역시,계룡시,가리봉동,,,,,,,,,,,,,
12,,전라남도,계양구,가북면,,,,,,,,,,,,,
13,,전라북도,고령군,가사문학면,,,,,,,,,,,,,
14,,제주특별자치도,고성군,가산동,,,,,,,,,,,,,
15,,충청남도,고양시덕양구,가산면,,,,,,,,,,,,,
16,,충청북도,고양시일산동구,가수원동,,,,,,,,,,,,,
17,,,고양시일산서구,가야곡면,,,,,,,,,,,,,
18,,,고창군,가야면,,,,,,,,,,,,,
19,,,고흥군,가야읍,,,,,,,,,,,,,
20,,,곡성군,가야제1동,,,,,,,,,,,,,
21,,,공주시,가야제2동,,,,,,,,,,,,,
22,,,과천시,가양1동,,,,,,,,,,,,,
23,,,관악구,가양2동,,,,,,,,,,,,,
24,,,광명시,가양제1동,,,,,,,,,,,,,
25,,,광산구,가양제2동,,,,,,,,,,,,,
26,,,광양시,가양제3동,,,,,,,,,,,,,
27,,,광주시,가은읍,,,,,,,,,,,,,
28,,,광진구,가음면,,,,,,,,,,,,,
29,,,괴산군,가음정동,,,,,,,,,,,,,
30,,,구례군,가장동,,,,,,,,,,,,,
31,,,구로구,가정1동,,,,,,,,,,,,,
32,,,구리시,가정2동,,,,,,,,,,,,,
33,,,구미시,가정3동,,,,,,,,,,,,,
34,,,군산시,가조면,,,,,,,,,,,,,
35,,,군위군,가좌1동,,,,,,,,,,,,,
36,,,군포시,가좌2동,,,,,,,,,,,,,
37,,,금산군,가좌3동,,,,,,,,,,,,,
38,,,금정구,가좌4동,,,,,,,,,,,,,
39,,,금천구,가창면,,,,,,,,,,,,,
40,,,기장군,가천면,,,,,,,,,,,,,
41,,,김제시,가평읍,,,,,,,,,,,,,
42,,,김천시,가포동,,,,,,,,,,,,,
43,,,김포시,가호동,,,,,,,,,,,,,
44,,,김해시,가회동,,,,,,,,,,,,,
45,,,나주시,가회면,,,,,,,,,,,,,
46,,,남구,가흥1동,,,,,,,,,,,,,
47,,,남동구,가흥2동,,,,,,,,,,,,,
48,,,남양주시,각남면,,,,,,,,,,,,,
49,,,남원시,각북면,,,,,,,,,,,,,
50,,,남해군,간동면,,,,,,,,,,,,,
51,,,노원구,간석1동,,,,,,,,,,,,,
52,,,논산시,간석2동,,,,,,,,,,,,,
53,,,단양군,간석3동,,,,,,,,,,,,,
54,,,달서구,간석4동,,,,,,,,,,,,,
55,,,달성군,간성읍,,,,,,,,,,,,,
56,,,담양군,간전면,,,,,,,,,,,,,
57,,,당진시,갈마1동,,,,,,,,,,,,,
58,,,대덕구,갈마2동,,,,,,,,,,,,,
59,,,도봉구,갈말읍,,,,,,,,,,,,,
60,,,동구,갈매동,,,,,,,,,,,,,
61,,,동대문구,갈산1동,,,,,,,,,,,,,
62,,,동두천시,갈산2동,,,,,,,,,,,,,
63,,,동래구,갈산동,,,,,,,,,,,,,
64,,,동작구,갈산면,,,,,,,,,,,,,
65,,,동해시,갈현동,,,,,,,,,,,,,
66,,,마포구,갈현제1동,,,,,,,,,,,,,
67,,,목포시,갈현제2동,,,,,,,,,,,,,
68,,,무안군,감곡면,,,,,,,,,,,,,
69,,,무주군,감만제1동,,,,,,,,,,,,,
70,,,문경시,감만제2동,,,,,,,,,,,,,
71,,,미추홀구,감문면,,,,,,,,,,,,,
72,,,밀양시,감물면,,,,,,,,,,,,,
73,,,보령시,감북동,,,,,,,,,,,,,
74,,,보성군,감삼동,,,,,,,,,,,,,
75,,,보은군,감일동,,,,,,,,,,,,,
76,,,봉화군,감전동,,,,,,,,,,,,,
77,,,부산진구,감천면,,,,,,,,,,,,,
78,,,부안군,감천제1동,,,,,,,,,,,,,
79,,,부여군,감천제2동,,,,,,,,,,,,,
80,,,부천시,감포읍,,,,,,,,,,,,,
81,,,부평구,갑천면,,,,,,,,,,,,,
82,,,북구,강경읍,,,,,,,,,,,,,
83,,,사상구,강구면,,,,,,,,,,,,,
84,,,사천시,강남동,,,,,,,,,,,,,
85,,,사하구,강내면,,,,,,,,,,,,,
86,,,산청군,강동동,,,,,,,,,,,,,
87,,,삼척시,강동면,,,,,,,,,,,,,
88,,,상주시,강림면,,,,,,,,,,,,,
89,,,서구,강상면,,,,,,,,,,,,,
90,,,서귀포시,강서동,,,,,,,,,,,,,
91,,,서대문구,강서제1동,,,,,,,,,,,,,
92,,,서산시,강서제2동,,,,,,,,,,,,,
93,,,서천군,강일동,,,,,,,,,,,,,
94,,,서초구,강진면,,,,,,,,,,,,,
95,,,성남시분당구,강진읍,,,,,,,,,,,,,
96,,,성남시수정구,강천면,,,,,,,,,,,,,
97,,,성남시중원구,강하면,,,,,,,,,,,,,
98,,,성동구,강현면,,,,,,,,,,,,,
99,,,성북구,강화읍,,,,,,,,,,,,,
100,,,성주군,개군면,,,,,,,,,,,,,
101,,,세종특별자치시,개금제1동,,,,,,,,,,,,,
102,,,속초시,개금제2동,,,,,,,,,,,,,
103,,,송파구,개금제3동,,,,,,,,,,,,,
104,,,수성구,개령면,,,,,,,,,,,,,
105,,,수영구,개봉제1동,,,,,,,,,,,,,
106,,,수원시 권선구,개봉제2동,,,,,,,,,,,,,
107,,,수원시권선구,개봉제3동,,,,,,,,,,,,,
108,,,수원시영통구,개운동,,,,,,,,,,,,,
109,,,수원시장안구,개정동,,,,,,,,,,,,,
110,,,수원시팔달구,개정면,,,,,,,,,,,,,
111,,,순창군,개진면,,,,,,,,,,,,,
112,,,순천시,개천면,,,,,,,,,,,,,
113,,,시흥시,개포1동,,,,,,,,,,,,,
114,,,신안군,개포2동,,,,,,,,,,,,,
115,,,아산시,개포4동,,,,,,,,,,,,,
116,,,안동시,개포면,,,,,,,,,,,,,
117,,,안산시단원구,거류면,,,,,,,,,,,,,
118,,,안산시상록구,거여1동,,,,,,,,,,,,,
119,,,안성시,거여2동,,,,,,,,,,,,,
120,,,안양시동안구,거제면,,,,,,,,,,,,,
121,,,안양시만안구,거제제1동,,,,,,,,,,,,,
122,,,양구군,거제제2동,,,,,,,,,,,,,
123,,,양산시,거제제3동,,,,,,,,,,,,,
124,,,양양군,거제제4동,,,,,,,,,,,,,
125,,,양주시,거진읍,,,,,,,,,,,,,
126,,,양천구,거창읍,,,,,,,,,,,,,
127,,,양평군,건국동,,,,,,,,,,,,,
128,,,여수시,건입동,,,,,,,,,,,,,
129,,,여주시,건천읍,,,,,,,,,,,,,
130,,,연수구,검단동,,,,,,,,,,,,,
131,,,연제구,검산동,,,,,,,,,,,,,
132,,,연천군,검암경서동,,,,,,,,,,,,,
133,,,영광군,결성면,,,,,,,,,,,,,
134,,,영덕군,겸면,,,,,,,,,,,,,
135,,,영도구,겸백면,,,,,,,,,,,,,
136,,,영동군,경안동,,,,,,,,,,,,,
137,,,영등포구,경암동,,,,,,,,,,,,,
138,,,영암군,경천면,,,,,,,,,,,,,
139,,,영양군,경포동,,,,,,,,,,,,,
140,,,영월군,경화동,,,,,,,,,,,,,
141,,,영주시,계곡면,,,,,,,,,,,,,
142,,,영천시,계남면,,,,,,,,,,,,,
143,,,예산군,계룡면,,,,,,,,,,,,,
144,,,예천군,계림1동,,,,,,,,,,,,,
145,,,오산시,계림2동,,,,,,,,,,,,,
146,,,옥천군,계림동,,,,,,,,,,,,,
147,,,옹진군,계북면,,,,,,,,,,,,,
148,,,완도군,계산1동,,,,,,,,,,,,,
149,,,완주군,계산2동,,,,,,,,,,,,,
150,,,용산구,계산3동,,,,,,,,,,,,,
151,,,용인시기흥구,계산4동,,,,,,,,,,,,,
152,,,용인시수지구,계성면,,,,,,,,,,,,,
153,,,용인시처인구,계양1동,,,,,,,,,,,,,
154,,,울릉군,계양2동,,,,,,,,,,,,,
155,,,울주군,계양3동,,,,,,,,,,,,,
156,,,울진군,계화면,,,,,,,,,,,,,
157,,,원주시,고경면,,,,,,,,,,,,,
158,,,유성구,고군면,,,,,,,,,,,,,
159,,,은평구,고금면,,,,,,,,,,,,,
160,,,음성군,고남면,,,,,,,,,,,,,
161,,,의령군,고달면,,,,,,,,,,,,,
162,,,의성군,고대면,,,,,,,,,,,,,
163,,,의왕시,고덕면,,,,,,,,,,,,,
164,,,의정부시,고덕제1동,,,,,,,,,,,,,
165,,,이천시,고덕제2동,,,,,,,,,,,,,
166,,,익산시,고등동,,,,,,,,,,,,,
167,,,인제군,고봉동,,,,,,,,,,,,,
168,,,임실군,고부면,,,,,,,,,,,,,
169,,,장성군,고북면,,,,,,,,,,,,,
170,,,장수군,고산1동,,,,,,,,,,,,,
171,,,장흥군,고산2동,,,,,,,,,,,,,
172,,,전주시덕진구,고산3동,,,,,,,,,,,,,
173,,,전주시완산구,고산면,,,,,,,,,,,,,
174,,,정선군,고삼면,,,,,,,,,,,,,
175,,,정읍시,고서면,,,,,,,,,,,,,
176,,,제주시,고성동,,,,,,,,,,,,,
177,,,제천시,고성읍,,,,,,,,,,,,,
178,,,종로구,고수면,,,,,,,,,,,,,
179,,,중구,고아읍,,,,,,,,,,,,,
180,,,중랑구,고암면,,,,,,,,,,,,,
181,,,증평군,고양동,,,,,,,,,,,,,
182,,,진도군,고운동,,,,,,,,,,,,,
183,,,진안군,고잔동,,,,,,,,,,,,,
184,,,진주시,고전면,,,,,,,,,,,,,
185,,,진천군,고제면,,,,,,,,,,,,,
186,,,창녕군,고창읍,,,,,,,,,,,,,
187,,,창원시 마산합포구,고척제1동,,,,,,,,,,,,,
188,,,창원시 마산회원구,고척제2동,,,,,,,,,,,,,
189,,,창원시 성산구,고천동,,,,,,,,,,,,,
190,,,창원시 의창구,고촌읍,,,,,,,,,,,,,
191,,,창원시 진해구,고한읍,,,,,,,,,,,,,
192,,,천안시동남구,고현동,,,,,,,,,,,,,
193,,,천안시서북구,고현면,,,,,,,,,,,,,
194,,,철원군,고흥읍,,,,,,,,,,,,,
195,,,청도군,곡선동,,,,,,,,,,,,,
196,,,청송군,곡성읍,,,,,,,,,,,,,
197,,,청양군,곤명면,,,,,,,,,,,,,
198,,,청주시상당구,곤양면,,,,,,,,,,,,,
199,,,청주시서원구,곤지암읍,,,,,,,,,,,,,
200,,,청주시청원구,골약동,,,,,,,,,,,,,
201,,,청주시흥덕구,공검면,,,,,,,,,,,,,
202,,,춘천시,공근면,,,,,,,,,,,,,
203,,,충주시,공단동,,,,,,,,,,,,,
204,,,칠곡군,공덕동,,,,,,,,,,,,,
205,,,태백시,공덕면,,,,,,,,,,,,,
206,,,태안군,공도읍,,,,,,,,,,,,,
207,,,통영시,공릉1동,,,,,,,,,,,,,
208,,,파주시,공릉2동,,,,,,,,,,,,,
209,,,평창군,공산동,,,,,,,,,,,,,
210,,,평택시,공산면,,,,,,,,,,,,,
211,,,포천시,공성면,,,,,,,,,,,,,
212,,,포항시남구,공음면,,,,,,,,,,,,,
213,,,포항시북구,공항동,,,,,,,,,,,,,
214,,,하남시,과림동,,,,,,,,,,,,,
215,,,하동군,과역면,,,,,,,,,,,,,
216,,,함안군,과천동,,,,,,,,,,,,,
217,,,함양군,관고동,,,,,,,,,,,,,
218,,,함평군,관교동,,,,,,,,,,,,,
219,,,합천군,관문동,,,,,,,,,,,,,
220,,,해남군,관산동,,,,,,,,,,,,,
221,,,해운대구,관산읍,,,,,,,,,,,,,
222,,,홍성군,관양1동,,,,,,,,,,,,,
223,,,홍천군,관양2동,,,,,,,,,,,,,
224,,,화성시,관음동,,,,,,,,,,,,,
225,,,화순군,관인면,,,,,,,,,,,,,
226,,,화천군,관저1동,,,,,,,,,,,,,
227,,,횡성군,관저2동,,,,,,,,,,,,,
228,,,,관촌면,,,,,,,,,,,,,
229,,,,관평동,,,,,,,,,,,,,
230,,,,광교1동,,,,,,,,,,,,,
231,,,,광교2동,,,,,,,,,,,,,
232,,,,광남1동,,,,,,,,,,,,,
233,,,,광남2동,,,,,,,,,,,,,
234,,,,광덕면,,,,,,,,,,,,,
235,,,,광도면,,,,,,,,,,,,,
236,,,,광림동,,,,,,,,,,,,,
237,,,,광명1동,,,,,,,,,,,,,
238,,,,광명2동,,,,,,,,,,,,,
239,,,,광명3동,,,,,,,,,,,,,
240,,,,광명4동,,,,,,,,,,,,,
241,,,,광명5동,,,,,,,,,,,,,
242,,,,광명6동,,,,,,,,,,,,,
243,,,,광명7동,,,,,,,,,,,,,
244,,,,광복동,,,,,,,,,,,,,
245,,,,광석면,,,,,,,,,,,,,
246,,,,광시면,,,,,,,,,,,,,
247,,,,광안제1동,,,,,,,,,,,,,
248,,,,광안제2동,,,,,,,,,,,,,
249,,,,광안제3동,,,,,,,,,,,,,
250,,,,광안제4동,,,,,,,,,,,,,
251,,,,광양읍,,,,,,,,,,,,,
252,,,,광영동,,,,,,,,,,,,,
253,,,,광의면,,,,,,,,,,,,,
254,,,,광장동,,,,,,,,,,,,,
255,,,,광적면,,,,,,,,,,,,,
256,,,,광정동,,,,,,,,,,,,,
257,,,,광천동,,,,,,,,,,,,,
258,,,,광천읍,,,,,,,,,,,,,
259,,,,광탄면,,,,,,,,,,,,,
260,,,,광평동,,,,,,,,,,,,,
261,,,,광혜원면,,,,,,,,,,,,,
262,,,,광활면,,,,,,,,,,,,,
263,,,,광희동,,,,,,,,,,,,,
264,,,,괘법동,,,,,,,,,,,,,
265,,,,괴산읍,,,,,,,,,,,,,
266,,,,괴정동,,,,,,,,,,,,,
267,,,,괴정제1동,,,,,,,,,,,,,
268,,,,괴정제2동,,,,,,,,,,,,,
269,,,,괴정제3동,,,,,,,,,,,,,
270,,,,괴정제4동,,,,,,,,,,,,,
271,,,,교1동,,,,,,,,,,,,,
272,,,,교2동,,,,,,,,,,,,,
273,,,,교남동,,,,,,,,,,,,,
274,,,,교동,,,,,,,,,,,,,
275,,,,교동면,,,,,,,,,,,,,
276,,,,교문1동,,,,,,,,,,,,,
277,,,,교문2동,,,,,,,,,,,,,
278,,,,교방동,,,,,,,,,,,,,
279,,,,교월동,,,,,,,,,,,,,
280,,,,교하동,,,,,,,,,,,,,
281,,,,교현.안림동,,,,,,,,,,,,,
282,,,,교현2동,,,,,,,,,,,,,
283,,,,구갈동,,,,,,,,,,,,,
284,,,,구래동,,,,,,,,,,,,,
285,,,,구례읍,,,,,,,,,,,,,
286,,,,구로제1동,,,,,,,,,,,,,
287,,,,구로제2동,,,,,,,,,,,,,
288,,,,구로제3동,,,,,,,,,,,,,
289,,,,구로제4동,,,,,,,,,,,,,
290,,,,구로제5동,,,,,,,,,,,,,
291,,,,구룡면,,,,,,,,,,,,,
292,,,,구룡포읍,,,,,,,,,,,,,
293,,,,구림면,,,,,,,,,,,,,
294,,,,구만면,,,,,,,,,,,,,
295,,,,구문소동,,,,,,,,,,,,,
296,,,,구미1동,,,,,,,,,,,,,
297,,,,구미동,,,,,,,,,,,,,
298,,,,구산동,,,,,,,,,,,,,
299,,,,구산면,,,,,,,,,,,,,
300,,,,구서제1동,,,,,,,,,,,,,
301,,,,구서제2동,,,,,,,,,,,,,
302,,,,구성동,,,,,,,,,,,,,
303,,,,구성면,,,,,,,,,,,,,
304,,,,구암1동,,,,,,,,,,,,,
305,,,,구암2동,,,,,,,,,,,,,
306,,,,구암동,,,,,,,,,,,,,
307,,,,구운동,,,,,,,,,,,,,
308,,,,구월1동,,,,,,,,,,,,,
309,,,,구월2동,,,,,,,,,,,,,
310,,,,구월3동,,,,,,,,,,,,,
311,,,,구월4동,,,,,,,,,,,,,
312,,,,구의제1동,,,,,,,,,,,,,
313,,,,구의제2동,,,,,,,,,,,,,
314,,,,구의제3동,,,,,,,,,,,,,
315,,,,구이면,,,,,,,,,,,,,
316,,,,구정면,,,,,,,,,,,,,
317,,,,구좌읍,,,,,,,,,,,,,
318,,,,구즉동,,,,,,,,,,,,,
319,,,,구지면,,,,,,,,,,,,,
320,,,,구천면,,,,,,,,,,,,,
321,,,,구평동,,,,,,,,,,,,,
322,,,,구포제1동,,,,,,,,,,,,,
323,,,,구포제2동,,,,,,,,,,,,,
324,,,,구포제3동,,,,,,,,,,,,,
325,,,,구항면,,,,,,,,,,,,,
326,,,,국동,,,,,,,,,,,,,
327,,,,국우동,,,,,,,,,,,,,
328,,,,국토정중앙면,,,,,,,,,,,,,
329,,,,군남면,,,,,,,,,,,,,
330,,,,군내면,,,,,,,,,,,,,
331,,,,군동면,,,,,,,,,,,,,
332,,,,군북면,,,,,,,,,,,,,
333,,,,군서면,,,,,,,,,,,,,
334,,,,군외면,,,,,,,,,,,,,
335,,,,군위읍,,,,,,,,,,,,,
336,,,,군자동,,,,,,,,,,,,,
337,,,,군포1동,,,,,,,,,,,,,
338,,,,군포2동,,,,,,,,,,,,,
339,,,,궁내동,,,,,,,,,,,,,
340,,,,궁류면,,,,,,,,,,,,,
341,,,,권선1동,,,,,,,,,,,,,
342,,,,권선2동,,,,,,,,,,,,,
343,,,,귀래면,,,,,,,,,,,,,
344,,,,귀인동,,,,,,,,,,,,,
345,,,,규암면,,,,,,,,,,,,,
346,,,,근남면,,,,,,,,,,,,,
347,,,,근덕면,,,,,,,,,,,,,
348,,,,근동면,,,,,,,,,,,,,
349,,,,근북면,,,,,,,,,,,,,
350,,,,근화동,,,,,,,,,,,,,
351,,,,근흥면,,,,,,,,,,,,,
352,,,,금가면,,,,,,,,,,,,,
353,,,,금강송면,,,,,,,,,,,,,
354,,,,금곡동,,,,,,,,,,,,,
355,,,,금곡면,,,,,,,,,,,,,
356,,,,금과면,,,,,,,,,,,,,
357,,,,금광1동,,,,,,,,,,,,,
358,,,,금광2동,,,,,,,,,,,,,
359,,,,금광면,,,,,,,,,,,,,
360,,,,금구면,,,,,,,,,,,,,
361,,,,금남동,,,,,,,,,,,,,
362,,,,금남면,,,,,,,,,,,,,
363,,,,금당면,,,,,,,,,,,,,
364,,,,금동,,,,,,,,,,,,,
365,,,,금마면,,,,,,,,,,,,,
366,,,,금사면,,,,,,,,,,,,,
367,,,,금사회동동,,,,,,,,,,,,,
368,,,,금산면,,,,,,,,,,,,,
369,,,,금산읍,,,,,,,,,,,,,
370,,,,금서면,,,,,,,,,,,,,
371,,,,금성동,,,,,,,,,,,,,
372,,,,금성면,,,,,,,,,,,,,
373,,,,금수면,,,,,,,,,,,,,
374,,,,금암1동,,,,,,,,,,,,,
375,,,,금암2동,,,,,,,,,,,,,
376,,,,금암동,,,,,,,,,,,,,
377,,,,금왕읍,,,,,,,,,,,,,
378,,,,금일읍,,,,,,,,,,,,,
379,,,,금정동,,,,,,,,,,,,,
380,,,,금정면,,,,,,,,,,,,,
381,,,,금지면,,,,,,,,,,,,,
382,,,,금창동,,,,,,,,,,,,,
383,,,,금천동,,,,,,,,,,,,,
384,,,,금천면,,,,,,,,,,,,,
385,,,,금촌1동,,,,,,,,,,,,,
386,,,,금촌2동,,,,,,,,,,,,,
387,,,,금촌3동,,,,,,,,,,,,,
388,,,,금학동,,,,,,,,,,,,,
389,,,,금호1가동,,,,,,,,,,,,,
390,,,,금호1동,,,,,,,,,,,,,
391,,,,금호2.3가동,,,,,,,,,,,,,
392,,,,금호2동,,,,,,,,,,,,,
393,,,,금호4가동,,,,,,,,,,,,,
394,,,,금호동,,,,,,,,,,,,,
395,,,,금호읍,,,,,,,,,,,,,
396,,,,기계면,,,,,,,,,,,,,
397,,,,기린면,,,,,,,,,,,,,
398,,,,기배동,,,,,,,,,,,,,
399,,,,기북면,,,,,,,,,,,,,
400,,,,기산면,,,,,,,,,,,,,
401,,,,기성동,,,,,,,,,,,,,
402,,,,기성면,,,,,,,,,,,,,
403,,,,기장읍,,,,,,,,,,,,,
404,,,,기흥동,,,,,,,,,,,,,
405,,,,길곡면,,,,,,,,,,,,,
406,,,,길동,,,,,,,,,,,,,
407,,,,길상면,,,,,,,,,,,,,
408,,,,길안면,,,,,,,,,,,,,
409,,,,길음제1동,,,,,,,,,,,,,
410,,,,길음제2동,,,,,,,,,,,,,
411,,,,김삿갓면,,,,,,,,,,,,,
412,,,,김포본동,,,,,,,,,,,,,
413,,,,김화읍,,,,,,,,,,,,,
414,,,,나산면,,,,,,,,,,,,,
415,,,,나운1동,,,,,,,,,,,,,
416,,,,나운2동,,,,,,,,,,,,,
417,,,,나운3동,,,,,,,,,,,,,
418,,,,나포면,,,,,,,,,,,,,
419,,,,낙동면,,,,,,,,,,,,,
420,,,,낙서면,,,,,,,,,,,,,
421,,,,낙성대동,,,,,,,,,,,,,
422,,,,낙안면,,,,,,,,,,,,,
423,,,,낙월면,,,,,,,,,,,,,
424,,,,난곡동,,,,,,,,,,,,,
425,,,,난향동,,,,,,,,,,,,,
426,,,,남가좌제1동,,,,,,,,,,,,,
427,,,,남가좌제2동,,,,,,,,,,,,,
428,,,,남면,,,,,,,,,,,,,
429,,,,남목1동,,,,,,,,,,,,,
430,,,,남목2동,,,,,,,,,,,,,
431,,,,남목3동,,,,,,,,,,,,,
432,,,,남부동,,,,,,,,,,,,,
433,,,,남부면,,,,,,,,,,,,,
434,,,,남부민제1동,,,,,,,,,,,,,
435,,,,남부민제2동,,,,,,,,,,,,,
436,,,,남사읍,,,,,,,,,,,,,
437,,,,남산1동,,,,,,,,,,,,,
438,,,,남산2동,,,,,,,,,,,,,
439,,,,남산3동,,,,,,,,,,,,,
440,,,,남산4동,,,,,,,,,,,,,
441,,,,남산동,,,,,,,,,,,,,
442,,,,남산면,,,,,,,,,,,,,
443,,,,남상면,,,,,,,,,,,,,
444,,,,남선면,,,,,,,,,,,,,
445,,,,남양동,,,,,,,,,,,,,
446,,,,남양면,,,,,,,,,,,,,
447,,,,남양읍,,,,,,,,,,,,,
448,,,,남영동,,,,,,,,,,,,,
449,,,,남원동,,,,,,,,,,,,,
450,,,,남원읍,,,,,,,,,,,,,
451,,,,남이면,,,,,,,,,,,,,
452,,,,남일면,,,,,,,,,,,,,
453,,,,남정면,,,,,,,,,,,,,
454,,,,남제동,,,,,,,,,,,,,
455,,,,남종면,,,,,,,,,,,,,
456,,,,남중동,,,,,,,,,,,,,
457,,,,남지읍,,,,,,,,,,,,,
458,,,,남천면,,,,,,,,,,,,,
459,,,,남천제1동,,,,,,,,,,,,,
460,,,,남천제2동,,,,,,,,,,,,,
461,,,,남촌도림동,,,,,,,,,,,,,
462,,,,남촌동,,,,,,,,,,,,,
463,,,,남평읍,,,,,,,,,,,,,
464,,,,남포동,,,,,,,,,,,,,
465,,,,남포면,,,,,,,,,,,,,
466,,,,남하면,,,,,,,,,,,,,
467,,,,남한산성면,,,,,,,,,,,,,
468,,,,남항동,,,,,,,,,,,,,
469,,,,남해읍,,,,,,,,,,,,,
470,,,,남현동,,,,,,,,,,,,,
471,,,,남후면,,,,,,,,,,,,,
472,,,,낭산면,,,,,,,,,,,,,
473,,,,낭성면,,,,,,,,,,,,,
474,,,,내가면,,,,,,,,,,,,,
475,,,,내곡동,,,,,,,,,,,,,
476,,,,내남면,,,,,,,,,,,,,
477,,,,내당1동,,,,,,,,,,,,,
478,,,,내당2.3동,,,,,,,,,,,,,
479,,,,내당4동,,,,,,,,,,,,,
480,,,,내덕1동,,,,,,,,,,,,,
481,,,,내덕2동,,,,,,,,,,,,,
482,,,,내동,,,,,,,,,,,,,
483,,,,내동면,,,,,,,,,,,,,
484,,,,내면,,,,,,,,,,,,,
485,,,,내북면,,,,,,,,,,,,,
486,,,,내산면,,,,,,,,,,,,,
487,,,,내서면,,,,,,,,,,,,,
488,,,,내서읍,,,,,,,,,,,,,
489,,,,내손1동,,,,,,,,,,,,,
490,,,,내손2동,,,,,,,,,,,,,
491,,,,내수읍,,,,,,,,,,,,,
492,,,,내외동,,,,,,,,,,,,,
493,,,,내이동,,,,,,,,,,,,,
494,,,,내일동,,,,,,,,,,,,,
495,,,,내장상동,,,,,,,,,,,,,
496,,,,내촌면,,,,,,,,,,,,,
497,,,,노곡면,,,,,,,,,,,,,
498,,,,노동면,,,,,,,,,,,,,
499,,,,노량진제1동,,,,,,,,,,,,,
500,,,,노량진제2동,,,,,,,,,,,,,
501,,,,노성면,,,,,,,,,,,,,
502,,,,노송동,,,,,,,,,,,,,
503,,,,노안면,,,,,,,,,,,,,
504,,,,노암동,,,,,,,,,,,,,
505,,,,노원동,,,,,,,,,,,,,
506,,,,노은1동,,,,,,,,,,,,,
507,,,,노은2동,,,,,,,,,,,,,
508,,,,노은3동,,,,,,,,,,,,,
509,,,,노은면,,,,,,,,,,,,,
510,,,,노학동,,,,,,,,,,,,,
511,,,,노형동,,,,,,,,,,,,,
512,,,,노화읍,,,,,,,,,,,,,
513,,,,녹번동,,,,,,,,,,,,,
514,,,,녹산동,,,,,,,,,,,,,
515,,,,녹양동,,,,,,,,,,,,,
516,,,,녹전면,,,,,,,,,,,,,
517,,,,논공읍,,,,,,,,,,,,,
518,,,,논현1동,,,,,,,,,,,,,
519,,,,논현2동,,,,,,,,,,,,,
520,,,,논현고잔동,,,,,,,,,,,,,
521,,,,농성1동,,,,,,,,,,,,,
522,,,,농성2동,,,,,,,,,,,,,
523,,,,농소1동,,,,,,,,,,,,,
524,,,,농소2동,,,,,,,,,,,,,
525,,,,농소3동,,,,,,,,,,,,,
526,,,,농소동,,,,,,,,,,,,,
527,,,,농소면,,,,,,,,,,,,,
528,,,,농암면,,,,,,,,,,,,,
529,,,,능곡동,,,,,,,,,,,,,
530,,,,능동,,,,,,,,,,,,,
531,,,,능서면,,,,,,,,,,,,,
532,,,,능주면,,,,,,,,,,,,,
533,,,,능포동,,,,,,,,,,,,,
534,,,,다대제1동,,,,,,,,,,,,,
535,,,,다대제2동,,,,,,,,,,,,,
536,,,,다도면,,,,,,,,,,,,,
537,,,,다사읍,,,,,,,,,,,,,
538,,,,다산1동,,,,,,,,,,,,,
539,,,,다산2동,,,,,,,,,,,,,
540,,,,다산동,,,,,,,,,,,,,
541,,,,다산면,,,,,,,,,,,,,
542,,,,다시면,,,,,,,,,,,,,
543,,,,다압면,,,,,,,,,,,,,
544,,,,다운동,,,,,,,,,,,,,
545,,,,다인면,,,,,,,,,,,,,
546,,,,다정동,,,,,,,,,,,,,
547,,,,단계동,,,,,,,,,,,,,
548,,,,단구동,,,,,,,,,,,,,
549,,,,단대동,,,,,,,,,,,,,
550,,,,단밀면,,,,,,,,,,,,,
551,,,,단북면,,,,,,,,,,,,,
552,,,,단산면,,,,,,,,,,,,,
553,,,,단성면,,,,,,,,,,,,,
554,,,,단양읍,,,,,,,,,,,,,
555,,,,단월면,,,,,,,,,,,,,
556,,,,단장면,,,,,,,,,,,,,
557,,,,단촌면,,,,,,,,,,,,,
558,,,,달동,,,,,,,,,,,,,
559,,,,달산면,,,,,,,,,,,,,
560,,,,달안동,,,,,,,,,,,,,
561,,,,달천동,,,,,,,,,,,,,
562,,,,담양읍,,,,,,,,,,,,,
563,,,,답십리제1동,,,,,,,,,,,,,
564,,,,답십리제2동,,,,,,,,,,,,,
565,,,,당감제1동,,,,,,,,,,,,,
566,,,,당감제2동,,,,,,,,,,,,,
567,,,,당감제4동,,,,,,,,,,,,,
568,,,,당리동,,,,,,,,,,,,,
569,,,,당산제1동,,,,,,,,,,,,,
570,,,,당산제2동,,,,,,,,,,,,,
571,,,,당진1동,,,,,,,,,,,,,
572,,,,당진2동,,,,,,,,,,,,,
573,,,,당진3동,,,,,,,,,,,,,
574,,,,당하동,,,,,,,,,,,,,
575,,,,대가면,,,,,,,,,,,,,
576,,,,대가야읍,,,,,,,,,,,,,
577,,,,대강면,,,,,,,,,,,,,
578,,,,대곡동,,,,,,,,,,,,,
579,,,,대곡면,,,,,,,,,,,,,
580,,,,대곶면,,,,,,,,,,,,,
581,,,,대관령면,,,,,,,,,,,,,
582,,,,대교동,,,,,,,,,,,,,
583,,,,대구면,,,,,,,,,,,,,
584,,,,대덕동,,,,,,,,,,,,,
585,,,,대덕면,,,,,,,,,,,,,
586,,,,대덕읍,,,,,,,,,,,,,
587,,,,대동,,,,,,,,,,,,,
588,,,,대동면,,,,,,,,,,,,,
589,,,,대륜동,,,,,,,,,,,,,
590,,,,대림제1동,,,,,,,,,,,,,
591,,,,대림제2동,,,,,,,,,,,,,
592,,,,대림제3동,,,,,,,,,,,,,
593,,,,대마면,,,,,,,,,,,,,
594,,,,대명10동,,,,,,,,,,,,,
595,,,,대명11동,,,,,,,,,,,,,
596,,,,대명1동,,,,,,,,,,,,,
597,,,,대명2동,,,,,,,,,,,,,
598,,,,대명3동,,,,,,,,,,,,,
599,,,,대명4동,,,,,,,,,,,,,
600,,,,대명5동,,,,,,,,,,,,,
601,,,,대명6동,,,,,,,,,,,,,
602,,,,대명9동,,,,,,,,,,,,,
603,,,,대방동,,,,,,,,,,,,,
604,,,,대병면,,,,,,,,,,,,,
605,,,,대봉1동,,,,,,,,,,,,,
606,,,,대봉2동,,,,,,,,,,,,,
607,,,,대부동,,,,,,,,,,,,,
608,,,,대사동,,,,,,,,,,,,,
609,,,,대산동,,,,,,,,,,,,,
610,,,,대산면,,,,,,,,,,,,,
611,,,,대산읍,,,,,,,,,,,,,
612,,,,대서면,,,,,,,,,,,,,
613,,,,대성동,,,,,,,,,,,,,
614,,,,대소면,,,,,,,,,,,,,
615,,,,대소원면,,,,,,,,,,,,,
616,,,,대송동,,,,,,,,,,,,,
617,,,,대송면,,,,,,,,,,,,,
618,,,,대술면,,,,,,,,,,,,,
619,,,,대신동,,,,,,,,,,,,,
620,,,,대신면,,,,,,,,,,,,,
621,,,,대야동,,,,,,,,,,,,,
622,,,,대야면,,,,,,,,,,,,,
623,,,,대양면,,,,,,,,,,,,,
624,,,,대연제1동,,,,,,,,,,,,,
625,,,,대연제3동,,,,,,,,,,,,,
626,,,,대연제4동,,,,,,,,,,,,,
627,,,,대연제5동,,,,,,,,,,,,,
628,,,,대연제6동,,,,,,,,,,,,,
629,,,,대원동,,,,,,,,,,,,,
630,,,,대월면,,,,,,,,,,,,,
631,,,,대의면,,,,,,,,,,,,,
632,,,,대이동,,,,,,,,,,,,,
633,,,,대저1동,,,,,,,,,,,,,
634,,,,대저2동,,,,,,,,,,,,,
635,,,,대전면,,,,,,,,,,,,,
636,,,,대정읍/마라도포함,,,,,,,,,,,,,
637,,,,대조동,,,,,,,,,,,,,
638,,,,대지면,,,,,,,,,,,,,
639,,,,대창면,,,,,,,,,,,,,
640,,,,대천1동,,,,,,,,,,,,,
641,,,,대천2동,,,,,,,,,,,,,
642,,,,대천3동,,,,,,,,,,,,,
643,,,,대천4동,,,,,,,,,,,,,
644,,,,대천5동,,,,,,,,,,,,,
645,,,,대천동,,,,,,,,,,,,,
646,,,,대청동,,,,,,,,,,,,,
647,,,,대청면,,,,,,,,,,,,,
648,,,,대촌동,,,,,,,,,,,,,
649,,,,대치1동,,,,,,,,,,,,,
650,,,,대치2동,,,,,,,,,,,,,
651,,,,대치4동,,,,,,,,,,,,,
652,,,,대치면,,,,,,,,,,,,,
653,,,,대평동,,,,,,,,,,,,,
654,,,,대평면,,,,,,,,,,,,,
655,,,,대포동,,,,,,,,,,,,,
656,,,,대학동,,,,,,,,,,,,,
657,,,,대합면,,,,,,,,,,,,,
658,,,,대항면,,,,,,,,,,,,,
659,,,,대현동,,,,,,,,,,,,,
660,,,,대호지면,,,,,,,,,,,,,
661,,,,대화동,,,,,,,,,,,,,
662,,,,대화면,,,,,,,,,,,,,
663,,,,대흥동,,,,,,,,,,,,,
664,,,,대흥면,,,,,,,,,,,,,
665,,,,덕계동,,,,,,,,,,,,,
666,,,,덕곡면,,,,,,,,,,,,,
667,,,,덕과면,,,,,,,,,,,,,
668,,,,덕산동,,,,,,,,,,,,,
669,,,,덕산면,,,,,,,,,,,,,
670,,,,덕산읍,,,,,,,,,,,,,
671,,,,덕암동,,,,,,,,,,,,,
672,,,,덕연동,,,,,,,,,,,,,
673,,,,덕적면,,,,,,,,,,,,,
674,,,,덕진동,,,,,,,,,,,,,
675,,,,덕진면,,,,,,,,,,,,,
676,,,,덕천면,,,,,,,,,,,,,
677,,,,덕천제1동,,,,,,,,,,,,,
678,,,,덕천제2동,,,,,,,,,,,,,
679,,,,덕천제3동,,,,,,,,,,,,,
680,,,,덕치면,,,,,,,,,,,,,
681,,,,덕포제1동,,,,,,,,,,,,,
682,,,,덕포제2동,,,,,,,,,,,,,
683,,,,덕풍1동,,,,,,,,,,,,,
684,,,,덕풍2동,,,,,,,,,,,,,
685,,,,덕풍3동,,,,,,,,,,,,,
686,,,,도개면,,,,,,,,,,,,,
687,,,,도계읍,,,,,,,,,,,,,
688,,,,도고면,,,,,,,,,,,,,
689,,,,도곡1동,,,,,,,,,,,,,
690,,,,도곡2동,,,,,,,,,,,,,
691,,,,도곡면,,,,,,,,,,,,,
692,,,,도담동,,,,,,,,,,,,,
693,,,,도덕면,,,,,,,,,,,,,
694,,,,도두동,,,,,,,,,,,,,
695,,,,도량동,,,,,,,,,,,,,
696,,,,도림동,,,,,,,,,,,,,
697,,,,도마1동,,,,,,,,,,,,,
698,,,,도마2동,,,,,,,,,,,,,
699,,,,도봉제1동,,,,,,,,,,,,,
700,,,,도봉제2동,,,,,,,,,,,,,
701,,,,도사동,,,,,,,,,,,,,
702,,,,도산동,,,,,,,,,,,,,
703,,,,도산면,,,,,,,,,,,,,
704,,,,도안면,,,,,,,,,,,,,
705,,,,도암면,,,,,,,,,,,,,
706,,,,도양읍,,,,,,,,,,,,,
707,,,,도원동,,,,,,,,,,,,,
708,,,,도척면,,,,,,,,,,,,,
709,,,,도천동,,,,,,,,,,,,,
710,,,,도천면,,,,,,,,,,,,,
711,,,,도초면,,,,,,,,,,,,,
712,,,,도촌동,,,,,,,,,,,,,
713,,,,도통동,,,,,,,,,,,,,
714,,,,도평동,,,,,,,,,,,,,
715,,,,도포면,,,,,,,,,,,,,
716,,,,도화1동,,,,,,,,,,,,,
717,,,,"도화2,3동",,,,,,,,,,,,,
718,,,,도화동,,,,,,,,,,,,,
719,,,,도화면,,,,,,,,,,,,,
720,,,,독도,,,,,,,,,,,,,
721,,,,독산제1동,,,,,,,,,,,,,
722,,,,독산제2동,,,,,,,,,,,,,
723,,,,독산제3동,,,,,,,,,,,,,
724,,,,독산제4동,,,,,,,,,,,,,
725,,,,돈암제1동,,,,,,,,,,,,,
726,,,,돈암제2동,,,,,,,,,,,,,
727,,,,돌산읍,,,,,,,,,,,,,
728,,,,동강면,,,,,,,,,,,,,
729,,,,동계면,,,,,,,,,,,,,
730,,,,동곡동,,,,,,,,,,,,,
731,,,,동광동,,,,,,,,,,,,,
732,,,,동구동,,,,,,,,,,,,,
733,,,,동내면,,,,,,,,,,,,,
734,,,,동대신제1동,,,,,,,,,,,,,
735,,,,동대신제2동,,,,,,,,,,,,,
736,,,,동대신제3동,,,,,,,,,,,,,
737,,,,동량면,,,,,,,,,,,,,
738,,,,동로면,,,,,,,,,,,,,
739,,,,동림동,,,,,,,,,,,,,
740,,,,동면,,,,,,,,,,,,,
741,,,,동명동,,,,,,,,,,,,,
742,,,,동명면,,,,,,,,,,,,,
743,,,,동문1동,,,,,,,,,,,,,
744,,,,동문2동,,,,,,,,,,,,,
745,,,,동문동,,,,,,,,,,,,,
746,,,,동백1동,,,,,,,,,,,,,
747,,,,동백2동,,,,,,,,,,,,,
748,,,,동백3동,,,,,,,,,,,,,
749,,,,동백동,,,,,,,,,,,,,
750,,,,동복면,,,,,,,,,,,,,
751,,,,동부동,,,,,,,,,,,,,
752,,,,동부면,,,,,,,,,,,,,
753,,,,동산동,,,,,,,,,,,,,
754,,,,동산면,,,,,,,,,,,,,
755,,,,동삼제1동,,,,,,,,,,,,,
756,,,,동삼제2동,,,,,,,,,,,,,
757,,,,동삼제3동,,,,,,,,,,,,,
758,,,,동상동,,,,,,,,,,,,,
759,,,,동상면,,,,,,,,,,,,,
760,,,,동서금동,,,,,,,,,,,,,
761,,,,동서동,,,,,,,,,,,,,
762,,,,동서학동,,,,,,,,,,,,,
763,,,,동선동,,,,,,,,,,,,,
764,,,,동성동,,,,,,,,,,,,,
765,,,,동송읍,,,,,,,,,,,,,
766,,,,동읍,,,,,,,,,,,,,
767,,,,동이면,,,,,,,,,,,,,
768,,,,동인동,,,,,,,,,,,,,
769,,,,동인천동,,,,,,,,,,,,,
770,,,,동일면,,,,,,,,,,,,,
771,,,,동진면,,,,,,,,,,,,,
772,,,,동천동,,,,,,,,,,,,,
773,,,,동촌동,,,,,,,,,,,,,
774,,,,동춘1동,,,,,,,,,,,,,
775,,,,동춘2동,,,,,,,,,,,,,
776,,,,동춘3동,,,,,,,,,,,,,
777,,,,동충동,,,,,,,,,,,,,
778,,,,동탄1동,,,,,,,,,,,,,
779,,,,동탄2동,,,,,,,,,,,,,
780,,,,동탄3동,,,,,,,,,,,,,
781,,,,동탄4동,,,,,,,,,,,,,
782,,,,동탄5동,,,,,,,,,,,,,
783,,,,동탄6동,,,,,,,,,,,,,
784,,,,동탄7동,,,,,,,,,,,,,
785,,,,동탄8동,,,,,,,,,,,,,
786,,,,동해면,,,,,,,,,,,,,
787,,,,동향면,,,,,,,,,,,,,
788,,,,동호동,,,,,,,,,,,,,
789,,,,동홍동,,,,,,,,,,,,,
790,,,,동화동,,,,,,,,,,,,,
791,,,,동화면,,,,,,,,,,,,,
792,,,,두동면,,,,,,,,,,,,,
793,,,,두류1.2동,,,,,,,,,,,,,
794,,,,두류3동,,,,,,,,,,,,,
795,,,,두마면,,,,,,,,,,,,,
796,,,,두산동,,,,,,,,,,,,,
797,,,,두서면,,,,,,,,,,,,,
798,,,,두암1동,,,,,,,,,,,,,
799,,,,두암2동,,,,,,,,,,,,,
800,,,,두암3동,,,,,,,,,,,,,
801,,,,두원면,,,,,,,,,,,,,
802,,,,두촌면,,,,,,,,,,,,,
803,,,,두호동,,,,,,,,,,,,,
804,,,,둔내면,,,,,,,,,,,,,
805,,,,둔덕동,,,,,,,,,,,,,
806,,,,둔덕면,,,,,,,,,,,,,
807,,,,둔산1동,,,,,,,,,,,,,
808,,,,둔산2동,,,,,,,,,,,,,
809,,,,둔산3동,,,,,,,,,,,,,
810,,,,둔촌제1동,,,,,,,,,,,,,
811,,,,둔촌제2동,,,,,,,,,,,,,
812,,,,둔포면,,,,,,,,,,,,,
813,,,,득량면,,,,,,,,,,,,,
814,,,,등촌제1동,,,,,,,,,,,,,
815,,,,등촌제2동,,,,,,,,,,,,,
816,,,,등촌제3동,,,,,,,,,,,,,
817,,,,마도면,,,,,,,,,,,,,
818,,,,마동,,,,,,,,,,,,,
819,,,,마두1동,,,,,,,,,,,,,
820,,,,마두2동,,,,,,,,,,,,,
821,,,,마량면,,,,,,,,,,,,,
822,,,,마령면,,,,,,,,,,,,,
823,,,,마로면,,,,,,,,,,,,,
824,,,,마리면,,,,,,,,,,,,,
825,,,,마북동,,,,,,,,,,,,,
826,,,,마산동,,,,,,,,,,,,,
827,,,,마산면,,,,,,,,,,,,,
828,,,,마서면,,,,,,,,,,,,,
829,,,,마성면,,,,,,,,,,,,,
830,,,,마암면,,,,,,,,,,,,,
831,,,,마장동,,,,,,,,,,,,,
832,,,,마장면,,,,,,,,,,,,,
833,,,,마전동,,,,,,,,,,,,,
834,,,,마천1동,,,,,,,,,,,,,
835,,,,마천2동,,,,,,,,,,,,,
836,,,,마천면,,,,,,,,,,,,,
837,,,,만경읍,,,,,,,,,,,,,
838,,,,만년동,,,,,,,,,,,,,
839,,,,만덕동,,,,,,,,,,,,,
840,,,,만덕제1동,,,,,,,,,,,,,
841,,,,만덕제2동,,,,,,,,,,,,,
842,,,,만덕제3동,,,,,,,,,,,,,
843,,,,만석동,,,,,,,,,,,,,
844,,,,만수1동,,,,,,,,,,,,,
845,,,,만수2동,,,,,,,,,,,,,
846,,,,만수3동,,,,,,,,,,,,,
847,,,,만수4동,,,,,,,,,,,,,
848,,,,만수5동,,,,,,,,,,,,,
849,,,,만수6동,,,,,,,,,,,,,
850,,,,만촌1동,,,,,,,,,,,,,
851,,,,만촌2동,,,,,,,,,,,,,
852,,,,만촌3동,,,,,,,,,,,,,
853,,,,만호동,,,,,,,,,,,,,
854,,,,망미제1동,,,,,,,,,,,,,
855,,,,망미제2동,,,,,,,,,,,,,
856,,,,망상동,,,,,,,,,,,,,
857,,,,망성면,,,,,,,,,,,,,
858,,,,망우본동,,,,,,,,,,,,,
859,,,,망우제3동,,,,,,,,,,,,,
860,,,,망운면,,,,,,,,,,,,,
861,,,,망원제1동,,,,,,,,,,,,,
862,,,,망원제2동,,,,,,,,,,,,,
863,,,,망포1동,,,,,,,,,,,,,
864,,,,망포2동,,,,,,,,,,,,,
865,,,,매곡동,,,,,,,,,,,,,
866,,,,매곡면,,,,,,,,,,,,,
867,,,,매교동,,,,,,,,,,,,,
868,,,,매산동,,,,,,,,,,,,,
869,,,,매송면,,,,,,,,,,,,,
870,,,,매전면,,,,,,,,,,,,,
871,,,,매탄1동,,,,,,,,,,,,,
872,,,,매탄2동,,,,,,,,,,,,,
873,,,,매탄3동,,,,,,,,,,,,,
874,,,,매탄4동,,,,,,,,,,,,,
875,,,,매포읍,,,,,,,,,,,,,
876,,,,매화동,,,,,,,,,,,,,
877,,,,매화면,,,,,,,,,,,,,
878,,,,맹동면,,,,,,,,,,,,,
879,,,,면목본동,,,,,,,,,,,,,
880,,,,면목제2동,,,,,,,,,,,,,
881,,,,면목제3.8동,,,,,,,,,,,,,
882,,,,면목제4동,,,,,,,,,,,,,
883,,,,면목제5동,,,,,,,,,,,,,
884,,,,면목제7동,,,,,,,,,,,,,
885,,,,면천면,,,,,,,,,,,,,
886,,,,명곡동,,,,,,,,,,,,,
887,,,,명동,,,,,,,,,,,,,
888,,,,명륜1동,,,,,,,,,,,,,
889,,,,명륜2동,,,,,,,,,,,,,
890,,,,명륜동,,,,,,,,,,,,,
891,,,,명석면,,,,,,,,,,,,,
892,,,,명일제1동,,,,,,,,,,,,,
893,,,,명일제2동,,,,,,,,,,,,,
894,,,,명장제1동,,,,,,,,,,,,,
895,,,,명장제2동,,,,,,,,,,,,,
896,,,,명정동,,,,,,,,,,,,,
897,,,,명지1동,,,,,,,,,,,,,
898,,,,명지2동,,,,,,,,,,,,,
899,,,,명호면,,,,,,,,,,,,,
900,,,,모가면,,,,,,,,,,,,,
901,,,,모동면,,,,,,,,,,,,,
902,,,,모라제1동,,,,,,,,,,,,,
903,,,,모라제3동,,,,,,,,,,,,,
904,,,,모서면,,,,,,,,,,,,,
905,,,,모충동,,,,,,,,,,,,,
906,,,,모현동,,,,,,,,,,,,,
907,,,,모현읍,,,,,,,,,,,,,
908,,,,목1동,,,,,,,,,,,,,
909,,,,목2동,,,,,,,,,,,,,
910,,,,목3동,,,,,,,,,,,,,
911,,,,목4동,,,,,,,,,,,,,
912,,,,목5동,,,,,,,,,,,,,
913,,,,목감동,,,,,,,,,,,,,
914,,,,목동,,,,,,,,,,,,,
915,,,,목면,,,,,,,,,,,,,
916,,,,목사동면,,,,,,,,,,,,,
917,,,,목상동,,,,,,,,,,,,,
918,,,,목원동,,,,,,,,,,,,,
919,,,,목천읍,,,,,,,,,,,,,
920,,,,목행.용탄동,,,,,,,,,,,,,
921,,,,몽탄면,,,,,,,,,,,,,
922,,,,묘도동,,,,,,,,,,,,,
923,,,,묘량면,,,,,,,,,,,,,
924,,,,묘산면,,,,,,,,,,,,,
925,,,,무거동,,,,,,,,,,,,,
926,,,,무릉도원면,,,,,,,,,,,,,
927,,,,무실동,,,,,,,,,,,,,
928,,,,무악동,,,,,,,,,,,,,
929,,,,무안면,,,,,,,,,,,,,
930,,,,무안읍,,,,,,,,,,,,,
931,,,,무을면,,,,,,,,,,,,,
932,,,,무장면,,,,,,,,,,,,,
933,,,,무전동,,,,,,,,,,,,,
934,,,,무정면,,,,,,,,,,,,,
935,,,,무주읍,,,,,,,,,,,,,
936,,,,무태조야동,,,,,,,,,,,,,
937,,,,무풍면,,,,,,,,,,,,,
938,,,,묵제1동,,,,,,,,,,,,,
939,,,,묵제2동,,,,,,,,,,,,,
940,,,,묵호동,,,,,,,,,,,,,
941,,,,문경읍,,,,,,,,,,,,,
942,,,,문곡소도동,,,,,,,,,,,,,
943,,,,문광면,,,,,,,,,,,,,
944,,,,문내면,,,,,,,,,,,,,
945,,,,문덕면,,,,,,,,,,,,,
946,,,,문래동,,,,,,,,,,,,,
947,,,,문막읍,,,,,,,,,,,,,
948,,,,문무대왕면,,,,,,,,,,,,,
949,,,,문백면,,,,,,,,,,,,,
950,,,,문산면,,,,,,,,,,,,,
951,,,,문산읍,,,,,,,,,,,,,
952,,,,문성동,,,,,,,,,,,,,
953,,,,문수동,,,,,,,,,,,,,
954,,,,문수면,,,,,,,,,,,,,
955,,,,문원동,,,,,,,,,,,,,
956,,,,문의면,,,,,,,,,,,,,
957,,,,문정1동,,,,,,,,,,,,,
958,,,,문정2동,,,,,,,,,,,,,
959,,,,문창동,,,,,,,,,,,,,
960,,,,문척면,,,,,,,,,,,,,
961,,,,문평면,,,,,,,,,,,,,
962,,,,문학동,,,,,,,,,,,,,
963,,,,문현제1동,,,,,,,,,,,,,
964,,,,문현제2동,,,,,,,,,,,,,
965,,,,문현제3동,,,,,,,,,,,,,
966,,,,문현제4동,,,,,,,,,,,,,
967,,,,문화1동,,,,,,,,,,,,,
968,,,,문화2동,,,,,,,,,,,,,
969,,,,문화동,,,,,,,,,,,,,
970,,,,문흥1동,,,,,,,,,,,,,
971,,,,문흥2동,,,,,,,,,,,,,
972,,,,물금읍,,,,,,,,,,,,,
973,,,,물야면,,,,,,,,,,,,,
974,,,,미력면,,,,,,,,,,,,,
975,,,,미로면,,,,,,,,,,,,,
976,,,,미사1동,,,,,,,,,,,,,
977,,,,미사2동,,,,,,,,,,,,,
978,,,,미산면,,,,,,,,,,,,,
979,,,,미성동,,,,,,,,,,,,,
980,,,,미수동,,,,,,,,,,,,,
981,,,,미아동,,,,,,,,,,,,,
982,,,,미암면,,,,,,,,,,,,,
983,,,,미양면,,,,,,,,,,,,,
984,,,,미원면,,,,,,,,,,,,,
985,,,,미조면,,,,,,,,,,,,,
986,,,,미천면,,,,,,,,,,,,,
987,,,,미탄면,,,,,,,,,,,,,
988,,,,미평동,,,,,,,,,,,,,
989,,,,민락동,,,,,,,,,,,,,
990,,,,박달1동,,,,,,,,,,,,,
991,,,,박달2동,,,,,,,,,,,,,
992,,,,반곡관설동,,,,,,,,,,,,,
993,,,,반구1동,,,,,,,,,,,,,
994,,,,반구2동,,,,,,,,,,,,,
995,,,,반남면,,,,,,,,,,,,,
996,,,,반송동,,,,,,,,,,,,,
997,,,,반송제1동,,,,,,,,,,,,,
998,,,,반송제2동,,,,,,,,,,,,,
999,,,,반여제1동,,,,,,,,,,,,,
1000,,,,반여제2동,,,,,,,,,,,,,
1001,,,,반여제3동,,,,,,,,,,,,,
1002,,,,반여제4동,,,,,,,,,,,,,
1003,,,,반월동,,,,,,,,,,,,,
1004,,,,반포1동,,,,,,,,,,,,,
1005,,,,반포2동,,,,,,,,,,,,,
1006,,,,반포3동,,,,,,,,,,,,,
1007,,,,반포4동,,,,,,,,,,,,,
1008,,,,반포면,,,,,,,,,,,,,
1009,,,,반포본동,,,,,,,,,,,,,
1010,,,,발산제1동,,,,,,,,,,,,,
1011,,,,발한동,,,,,,,,,,,,,
1012,,,,방림1동,,,,,,,,,,,,,
1013,,,,방림2동,,,,,,,,,,,,,
1014,,,,방림면,,,,,,,,,,,,,
1015,,,,방배1동,,,,,,,,,,,,,
1016,,,,방배2동,,,,,,,,,,,,,
1017,,,,방배3동,,,,,,,,,,,,,
1018,,,,방배4동,,,,,,,,,,,,,
1019,,,,방배본동,,,,,,,,,,,,,
1020,,,,방산면,,,,,,,,,,,,,
1021,,,,방어동,,,,,,,,,,,,,
1022,,,,방이1동,,,,,,,,,,,,,
1023,,,,방이2동,,,,,,,,,,,,,
1024,,,,방촌동,,,,,,,,,,,,,
1025,,,,방학제1동,,,,,,,,,,,,,
1026,,,,방학제2동,,,,,,,,,,,,,
1027,,,,방학제3동,,,,,,,,,,,,,
1028,,,,방화제1동,,,,,,,,,,,,,
1029,,,,방화제2동,,,,,,,,,,,,,
1030,,,,방화제3동,,,,,,,,,,,,,
1031,,,,배곧동,,,,,,,,,,,,,
1032,,,,배방읍,,,,,,,,,,,,,
1033,,,,백곡면,,,,,,,,,,,,,
1034,,,,백구면,,,,,,,,,,,,,
1035,,,,백령면,,,,,,,,,,,,,
1036,,,,백사면,,,,,,,,,,,,,
1037,,,,백산면,,,,,,,,,,,,,
1038,,,,백석1동,,,,,,,,,,,,,
1039,,,,백석2동,,,,,,,,,,,,,
1040,,,,백석동,,,,,,,,,,,,,
1041,,,,백석읍,,,,,,,,,,,,,
1042,,,,백수읍,,,,,,,,,,,,,
1043,,,,백아면,,,,,,,,,,,,,
1044,,,,백암면,,,,,,,,,,,,,
1045,,,,백운1동,,,,,,,,,,,,,
1046,,,,백운2동,,,,,,,,,,,,,
1047,,,,백운동,,,,,,,,,,,,,
1048,,,,백운면,,,,,,,,,,,,,
1049,,,,백전면,,,,,,,,,,,,,
1050,,,,백학면,,,,,,,,,,,,,
1051,,,,백현동,,,,,,,,,,,,,
1052,,,,번1동,,,,,,,,,,,,,
1053,,,,번2동,,,,,,,,,,,,,
1054,,,,번3동,,,,,,,,,,,,,
1055,,,,번암면,,,,,,,,,,,,,
1056,,,,벌곡면,,,,,,,,,,,,,
1057,,,,벌교읍,,,,,,,,,,,,,
1058,,,,벌용동,,,,,,,,,,,,,
1059,,,,범계동,,,,,,,,,,,,,
1060,,,,범물1동,,,,,,,,,,,,,
1061,,,,범물2동,,,,,,,,,,,,,
1062,,,,범서읍,,,,,,,,,,,,,
1063,,,,범안동,,,,,,,,,,,,,
1064,,,,범어1동,,,,,,,,,,,,,
1065,,,,범어2동,,,,,,,,,,,,,
1066,,,,범어3동,,,,,,,,,,,,,
1067,,,,범어4동,,,,,,,,,,,,,
1068,,,,범일제1동,,,,,,,,,,,,,
1069,,,,범일제2동,,,,,,,,,,,,,
1070,,,,범일제5동,,,,,,,,,,,,,
1071,,,,범천제1동,,,,,,,,,,,,,
1072,,,,범천제2동,,,,,,,,,,,,,
1073,,,,법1동,,,,,,,,,,,,,
1074,,,,법2동,,,,,,,,,,,,,
1075,,,,법성면,,,,,,,,,,,,,
1076,,,,법수면,,,,,,,,,,,,,
1077,,,,법원읍,,,,,,,,,,,,,
1078,,,,법전면,,,,,,,,,,,,,
1079,,,,벽진면,,,,,,,,,,,,,
1080,,,,변동,,,,,,,,,,,,,
1081,,,,변산면,,,,,,,,,,,,,
1082,,,,별내동,,,,,,,,,,,,,
1083,,,,별내면,,,,,,,,,,,,,
1084,,,,별량면,,,,,,,,,,,,,
1085,,,,별양동,,,,,,,,,,,,,
1086,,,,병곡면,,,,,,,,,,,,,
1087,,,,병암동,,,,,,,,,,,,,
1088,,,,병영1동,,,,,,,,,,,,,
1089,,,,병영2동,,,,,,,,,,,,,
1090,,,,병영면,,,,,,,,,,,,,
1091,,,,병점1동,,,,,,,,,,,,,
1092,,,,병점2동,,,,,,,,,,,,,
1093,,,,병천면,,,,,,,,,,,,,
1094,,,,보개면,,,,,,,,,,,,,
1095,,,,보광동,,,,,,,,,,,,,
1096,,,,보길면,,,,,,,,,,,,,
1097,,,,보덕동,,,,,,,,,,,,,
1098,,,,보라동,,,,,,,,,,,,,
1099,,,,보라매동,,,,,,,,,,,,,
1100,,,,보람동,,,,,,,,,,,,,
1101,,,,보문동,,,,,,,,,,,,,
1102,,,,보문면,,,,,,,,,,,,,
1103,,,,보산동,,,,,,,,,,,,,
1104,,,,보성읍,,,,,,,,,,,,,
1105,,,,보수동,,,,,,,,,,,,,
1106,,,,보안면,,,,,,,,,,,,,
1107,,,,보은읍,,,,,,,,,,,,,
1108,,,,보절면,,,,,,,,,,,,,
1109,,,,보정동,,,,,,,,,,,,,
1110,,,,복내면,,,,,,,,,,,,,
1111,,,,복대1동,,,,,,,,,,,,,
1112,,,,복대2동,,,,,,,,,,,,,
1113,,,,복산1동,,,,,,,,,,,,,
1114,,,,복산2동,,,,,,,,,,,,,
1115,,,,복산동,,,,,,,,,,,,,
1116,,,,복수동,,,,,,,,,,,,,
1117,,,,복수면,,,,,,,,,,,,,
1118,,,,복정동,,,,,,,,,,,,,
1119,,,,복현1동,,,,,,,,,,,,,
1120,,,,복현2동,,,,,,,,,,,,,
1121,,,,복흥면,,,,,,,,,,,,,
1122,,,,본동,,,,,,,,,,,,,
1123,,,,본량동,,,,,,,,,,,,,
1124,,,,본리동,,,,,,,,,,,,,
1125,,,,본오1동,,,,,,,,,,,,,
1126,,,,본오2동,,,,,,,,,,,,,
1127,,,,본오3동,,,,,,,,,,,,,
1128,,,,봉강면,,,,,,,,,,,,,
1129,,,,봉개동,,,,,,,,,,,,,
1130,,,,봉남면,,,,,,,,,,,,,
1131,,,,봉담읍,,,,,,,,,,,,,
1132,,,,봉덕1동,,,,,,,,,,,,,
1133,,,,봉덕2동,,,,,,,,,,,,,
1134,,,,봉덕3동,,,,,,,,,,,,,
1135,,,,봉동읍,,,,,,,,,,,,,
1136,,,,봉래면,,,,,,,,,,,,,
1137,,,,봉래제1동,,,,,,,,,,,,,
1138,,,,봉래제2동,,,,,,,,,,,,,
1139,,,,봉림동,,,,,,,,,,,,,
1140,,,,봉명1동,,,,,,,,,,,,,
1141,,,,봉명2.송정동,,,,,,,,,,,,,
1142,,,,봉명동,,,,,,,,,,,,,
1143,,,,봉방동,,,,,,,,,,,,,
1144,,,,봉산동,,,,,,,,,,,,,
1145,,,,봉산면,,,,,,,,,,,,,
1146,,,,봉선1동,,,,,,,,,,,,,
1147,,,,봉선2동,,,,,,,,,,,,,
1148,,,,봉성면,,,,,,,,,,,,,
1149,,,,봉수면,,,,,,,,,,,,,
1150,,,,봉암동,,,,,,,,,,,,,
1151,,,,봉양면,,,,,,,,,,,,,
1152,,,,봉양읍,,,,,,,,,,,,,
1153,,,,봉평동,,,,,,,,,,,,,
1154,,,,봉평면,,,,,,,,,,,,,
1155,,,,봉현면,,,,,,,,,,,,,
1156,,,,봉화읍,,,,,,,,,,,,,
1157,,,,봉황면,,,,,,,,,,,,,
1158,,,,부강면,,,,,,,,,,,,,
1159,,,,부개1동,,,,,,,,,,,,,
1160,,,,부개2동,,,,,,,,,,,,,
1161,,,,부개3동,,,,,,,,,,,,,
1162,,,,부계면,,,,,,,,,,,,,
1163,,,,부곡동,,,,,,,,,,,,,
1164,,,,부곡면,,,,,,,,,,,,,
1165,,,,부곡제1동,,,,,,,,,,,,,
1166,,,,부곡제2동,,,,,,,,,,,,,
1167,,,,부곡제3동,,,,,,,,,,,,,
1168,,,,부곡제4동,,,,,,,,,,,,,
1169,,,,부귀면,,,,,,,,,,,,,
1170,,,,부남면,,,,,,,,,,,,,
1171,,,,부량면,,,,,,,,,,,,,
1172,,,,부론면,,,,,,,,,,,,,
1173,,,,부리면,,,,,,,,,,,,,
1174,,,,부림동,,,,,,,,,,,,,
1175,,,,부림면,,,,,,,,,,,,,
1176,,,,부민동,,,,,,,,,,,,,
1177,,,,부발읍,,,,,,,,,,,,,
1178,,,,부북면,,,,,,,,,,,,,
1179,,,,부사동,,,,,,,,,,,,,
1180,,,,부산면,,,,,,,,,,,,,
1181,,,,부석면,,,,,,,,,,,,,
1182,,,,부성1동,,,,,,,,,,,,,
1183,,,,부성2동,,,,,,,,,,,,,
1184,,,,부안면,,,,,,,,,,,,,
1185,,,,부안읍,,,,,,,,,,,,,
1186,,,,부암동,,,,,,,,,,,,,
1187,,,,부암제1동,,,,,,,,,,,,,
1188,,,,부암제3동,,,,,,,,,,,,,
1189,,,,부여읍,,,,,,,,,,,,,
1190,,,,부원동,,,,,,,,,,,,,
1191,,,,부적면,,,,,,,,,,,,,
1192,,,,부전제1동,,,,,,,,,,,,,
1193,,,,부전제2동,,,,,,,,,,,,,
1194,,,,부주동,,,,,,,,,,,,,
1195,,,,부창동,,,,,,,,,,,,,
1196,,,,부천동,,,,,,,,,,,,,
1197,,,,부춘동,,,,,,,,,,,,,
1198,,,,부평1동,,,,,,,,,,,,,
1199,,,,부평2동,,,,,,,,,,,,,
1200,,,,부평3동,,,,,,,,,,,,,
1201,,,,부평4동,,,,,,,,,,,,,
1202,,,,부평5동,,,,,,,,,,,,,
1203,,,,부평6동,,,,,,,,,,,,,
1204,,,,부평동,,,,,,,,,,,,,
1205,,,,부항면,,,,,,,,,,,,,
1206,,,,부흥동,,,,,,,,,,,,,
1207,,,,북가좌제1동,,,,,,,,,,,,,
1208,,,,북가좌제2동,,,,,,,,,,,,,
1209,,,,북내면,,,,,,,,,,,,,
1210,,,,북도면,,,,,,,,,,,,,
1211,,,,북면,,,,,,,,,,,,,
1212,,,,북문동,,,,,,,,,,,,,
1213,,,,북방면,,,,,,,,,,,,,
1214,,,,북부동,,,,,,,,,,,,,
1215,,,,북산면,,,,,,,,,,,,,
1216,,,,북삼동,,,,,,,,,,,,,
1217,,,,북삼읍,,,,,,,,,,,,,
1218,,,,북상면,,,,,,,,,,,,,
1219,,,,북성동,,,,,,,,,,,,,
1220,,,,북신동,,,,,,,,,,,,,
1221,,,,북아현동,,,,,,,,,,,,,
1222,,,,북안면,,,,,,,,,,,,,
1223,,,,북이면,,,,,,,,,,,,,
1224,,,,북일면,,,,,,,,,,,,,
1225,,,,북천면,,,,,,,,,,,,,
1226,,,,북평동,,,,,,,,,,,,,
1227,,,,북평면,,,,,,,,,,,,,
1228,,,,북하면,,,,,,,,,,,,,
1229,,,,북항동,,,,,,,,,,,,,
1230,,,,북후면,,,,,,,,,,,,,
1231,,,,분당동,,,,,,,,,,,,,
1232,,,,분평동,,,,,,,,,,,,,
1233,,,,불갑면,,,,,,,,,,,,,
1234,,,,불광제1동,,,,,,,,,,,,,
1235,,,,불광제2동,,,,,,,,,,,,,
1236,,,,불국동,,,,,,,,,,,,,
1237,,,,불당동,,,,,,,,,,,,,
1238,,,,불로.봉무동,,,,,,,,,,,,,
1239,,,,불로대곡동,,,,,,,,,,,,,
1240,,,,불암동,,,,,,,,,,,,,
1241,,,,불은면,,,,,,,,,,,,,
1242,,,,불정면,,,,,,,,,,,,,
1243,,,,불현동,,,,,,,,,,,,,
1244,,,,비금면,,,,,,,,,,,,,
1245,,,,비래동,,,,,,,,,,,,,
1246,,,,비봉면,,,,,,,,,,,,,
1247,,,,비산1동,,,,,,,,,,,,,
1248,,,,비산2.3동,,,,,,,,,,,,,
1249,,,,비산2동,,,,,,,,,,,,,
1250,,,,비산3동,,,,,,,,,,,,,
1251,,,,비산4동,,,,,,,,,,,,,
1252,,,,비산5동,,,,,,,,,,,,,
1253,,,,비산6동,,,,,,,,,,,,,
1254,,,,비산7동,,,,,,,,,,,,,
1255,,,,비산동,,,,,,,,,,,,,
1256,,,,비아동,,,,,,,,,,,,,
1257,,,,비안면,,,,,,,,,,,,,
1258,,,,비인면,,,,,,,,,,,,,
1259,,,,비전1동,,,,,,,,,,,,,
1260,,,,비전2동,,,,,,,,,,,,,
1261,,,,빛가람동,,,,,,,,,,,,,
1262,,,,사곡면,,,,,,,,,,,,,
1263,,,,사근동,,,,,,,,,,,,,
1264,,,,사남면,,,,,,,,,,,,,
1265,,,,사내면,,,,,,,,,,,,,
1266,,,,사당제1동,,,,,,,,,,,,,
1267,,,,사당제2동,,,,,,,,,,,,,
1268,,,,사당제3동,,,,,,,,,,,,,
1269,,,,사당제4동,,,,,,,,,,,,,
1270,,,,사당제5동,,,,,,,,,,,,,
1271,,,,사동,,,,,,,,,,,,,
1272,,,,사등면,,,,,,,,,,,,,
1273,,,,사량면,,,,,,,,,,,,,
1274,,,,사리면,,,,,,,,,,,,,
1275,,,,사매면,,,,,,,,,,,,,
1276,,,,사벌국면,,,,,,,,,,,,,
1277,,,,사봉면,,,,,,,,,,,,,
1278,,,,사북면,,,,,,,,,,,,,
1279,,,,사북읍,,,,,,,,,,,,,
1280,,,,사우동,,,,,,,,,,,,,
1281,,,,사이동,,,,,,,,,,,,,
1282,,,,사직1동,,,,,,,,,,,,,
1283,,,,사직2동,,,,,,,,,,,,,
1284,,,,사직동,,,,,,,,,,,,,
1285,,,,사직제1동,,,,,,,,,,,,,
1286,,,,사직제2동,,,,,,,,,,,,,
1287,,,,사직제3동,,,,,,,,,,,,,
1288,,,,사창동,,,,,,,,,,,,,
1289,,,,사천면,,,,,,,,,,,,,
1290,,,,사천읍,,,,,,,,,,,,,
1291,,,,사파동,,,,,,,,,,,,,
1292,,,,사평면,,,,,,,,,,,,,
1293,,,,산격1동,,,,,,,,,,,,,
1294,,,,산격2동,,,,,,,,,,,,,
1295,,,,산격3동,,,,,,,,,,,,,
1296,,,,산격4동,,,,,,,,,,,,,
1297,,,,산곡1동,,,,,,,,,,,,,
1298,,,,산곡2동,,,,,,,,,,,,,
1299,,,,산곡3동,,,,,,,,,,,,,
1300,,,,산곡4동,,,,,,,,,,,,,
1301,,,,산남동,,,,,,,,,,,,,
1302,,,,산내동,,,,,,,,,,,,,
1303,,,,산내면,,,,,,,,,,,,,
1304,,,,산동면,,,,,,,,,,,,,
1305,,,,산동읍,,,,,,,,,,,,,
1306,,,,산본1동,,,,,,,,,,,,,
1307,,,,산본2동,,,,,,,,,,,,,
1308,,,,산북면,,,,,,,,,,,,,
1309,,,,산서면,,,,,,,,,,,,,
1310,,,,산성동,,,,,,,,,,,,,
1311,,,,산성면,,,,,,,,,,,,,
1312,,,,산수1동,,,,,,,,,,,,,
1313,,,,산수2동,,,,,,,,,,,,,
1314,,,,산양면,,,,,,,,,,,,,
1315,,,,산양읍,,,,,,,,,,,,,
1316,,,,산외면,,,,,,,,,,,,,
1317,,,,산이면,,,,,,,,,,,,,
1318,,,,산인면,,,,,,,,,,,,,
1319,,,,산정동,,,,,,,,,,,,,
1320,,,,산척면,,,,,,,,,,,,,
1321,,,,산청읍,,,,,,,,,,,,,
1322,,,,산포면,,,,,,,,,,,,,
1323,,,,산호동,,,,,,,,,,,,,
1324,,,,살미면,,,,,,,,,,,,,
1325,,,,삼가면,,,,,,,,,,,,,
1326,,,,삼각동,,,,,,,,,,,,,
1327,,,,삼각산동,,,,,,,,,,,,,
1328,,,,삼계면,,,,,,,,,,,,,
1329,,,,삼국유사면,,,,,,,,,,,,,
1330,,,,삼기면,,,,,,,,,,,,,
1331,,,,삼남읍,,,,,,,,,,,,,
1332,,,,삼덕동,,,,,,,,,,,,,
1333,,,,삼도1동,,,,,,,,,,,,,
1334,,,,삼도2동,,,,,,,,,,,,,
1335,,,,삼도동,,,,,,,,,,,,,
1336,,,,삼동면,,,,,,,,,,,,,
1337,,,,삼락동,,,,,,,,,,,,,
1338,,,,삼랑진읍,,,,,,,,,,,,,
1339,,,,삼례읍,,,,,,,,,,,,,
1340,,,,삼문동,,,,,,,,,,,,,
1341,,,,삼산1동,,,,,,,,,,,,,
1342,,,,삼산2동,,,,,,,,,,,,,
1343,,,,삼산동,,,,,,,,,,,,,
1344,,,,삼산면,,,,,,,,,,,,,
1345,,,,삼서면,,,,,,,,,,,,,
1346,,,,삼선동,,,,,,,,,,,,,
1347,,,,삼성1동,,,,,,,,,,,,,
1348,,,,삼성2동,,,,,,,,,,,,,
1349,,,,삼성동,,,,,,,,,,,,,
1350,,,,삼성면,,,,,,,,,,,,,
1351,,,,삼송동,,,,,,,,,,,,,
1352,,,,삼수동,,,,,,,,,,,,,
1353,,,,삼승면,,,,,,,,,,,,,
1354,,,,삼안동,,,,,,,,,,,,,
1355,,,,삼양동,,,,,,,,,,,,,
1356,,,,삼일동,,,,,,,,,,,,,
1357,,,,삼장면,,,,,,,,,,,,,
1358,,,,삼전동,,,,,,,,,,,,,
1359,,,,삼죽면,,,,,,,,,,,,,
1360,,,,삼천1동,,,,,,,,,,,,,
1361,,,,삼천2동,,,,,,,,,,,,,
1362,,,,삼천3동,,,,,,,,,,,,,
1363,,,,삼청동,,,,,,,,,,,,,
1364,,,,삼평동,,,,,,,,,,,,,
1365,,,,삼학동,,,,,,,,,,,,,
1366,,,,삼향동,,,,,,,,,,,,,
1367,,,,삼향읍,,,,,,,,,,,,,
1368,,,,삼호동,,,,,,,,,,,,,
1369,,,,삼호읍,,,,,,,,,,,,,
1370,,,,삼화동,,,,,,,,,,,,,
1371,,,,삽교읍,,,,,,,,,,,,,
1372,,,,상갈동,,,,,,,,,,,,,
1373,,,,상계10동,,,,,,,,,,,,,
1374,,,,상계1동,,,,,,,,,,,,,
1375,,,,상계2동,,,,,,,,,,,,,
1376,,,,상계3.4동,,,,,,,,,,,,,
1377,,,,상계5동,,,,,,,,,,,,,
1378,,,,상계6.7동,,,,,,,,,,,,,
1379,,,,상계8동,,,,,,,,,,,,,
1380,,,,상계9동,,,,,,,,,,,,,
1381,,,,상관면,,,,,,,,,,,,,
1382,,,,상교동,,,,,,,,,,,,,
1383,,,,상남동,,,,,,,,,,,,,
1384,,,,상남면,,,,,,,,,,,,,
1385,,,,상대동,,,,,,,,,,,,,
1386,,,,상대원1동,,,,,,,,,,,,,
1387,,,,상대원2동,,,,,,,,,,,,,
1388,,,,상대원3동,,,,,,,,,,,,,
1389,,,,상도제1동,,,,,,,,,,,,,
1390,,,,상도제2동,,,,,,,,,,,,,
1391,,,,상도제3동,,,,,,,,,,,,,
1392,,,,상도제4동,,,,,,,,,,,,,
1393,,,,상동,,,,,,,,,,,,,
1394,,,,상동면,,,,,,,,,,,,,
1395,,,,상동읍,,,,,,,,,,,,,
1396,,,,상리면,,,,,,,,,,,,,
1397,,,,상망동,,,,,,,,,,,,,
1398,,,,상면,,,,,,,,,,,,,
1399,,,,상모사곡동,,,,,,,,,,,,,
1400,,,,상무1동,,,,,,,,,,,,,
1401,,,,상무2동,,,,,,,,,,,,,
1402,,,,상문동,,,,,,,,,,,,,
1403,,,,상봉동,,,,,,,,,,,,,
1404,,,,상봉제1동,,,,,,,,,,,,,
1405,,,,상봉제2동,,,,,,,,,,,,,
1406,,,,상북면,,,,,,,,,,,,,
1407,,,,상사면,,,,,,,,,,,,,
1408,,,,상서면,,,,,,,,,,,,,
1409,,,,상암동,,,,,,,,,,,,,
1410,,,,상운면,,,,,,,,,,,,,
1411,,,,상월면,,,,,,,,,,,,,
1412,,,,상인1동,,,,,,,,,,,,,
1413,,,,상인2동,,,,,,,,,,,,,
1414,,,,상인3동,,,,,,,,,,,,,
1415,,,,상일동,,,,,,,,,,,,,
1416,,,,상장동,,,,,,,,,,,,,
1417,,,,상전면,,,,,,,,,,,,,
1418,,,,상주면,,,,,,,,,,,,,
1419,,,,상중이동,,,,,,,,,,,,,
1420,,,,상촌면,,,,,,,,,,,,,
1421,,,,상패동,,,,,,,,,,,,,
1422,,,,상평동,,,,,,,,,,,,,
1423,,,,상하동,,,,,,,,,,,,,
1424,,,,상하면,,,,,,,,,,,,,
1425,,,,상현1동,,,,,,,,,,,,,
1426,,,,상현2동,,,,,,,,,,,,,
1427,,,,새롬동,,,,,,,,,,,,,
1428,,,,새솔동,,,,,,,,,,,,,
1429,,,,생극면,,,,,,,,,,,,,
1430,,,,생림면,,,,,,,,,,,,,
1431,,,,생비량면,,,,,,,,,,,,,
1432,,,,생연1동,,,,,,,,,,,,,
1433,,,,생연2동,,,,,,,,,,,,,
1434,,,,생일면,,,,,,,,,,,,,
1435,,,,생초면,,,,,,,,,,,,,
1436,,,,서강동,,,,,,,,,,,,,
1437,,,,서교동,,,,,,,,,,,,,
1438,,,,서구동,,,,,,,,,,,,,
1439,,,,서남동,,,,,,,,,,,,,
1440,,,,서농동,,,,,,,,,,,,,
1441,,,,서대신제1동,,,,,,,,,,,,,
1442,,,,서대신제3동,,,,,,,,,,,,,
1443,,,,서대신제4동,,,,,,,,,,,,,
1444,,,,서도면,,,,,,,,,,,,,
1445,,,,서둔동,,,,,,,,,,,,,
1446,,,,서림동,,,,,,,,,,,,,
1447,,,,서면,,,,,,,,,,,,,
1448,,,,서부1동,,,,,,,,,,,,,
1449,,,,서부2동,,,,,,,,,,,,,
1450,,,,서부동,,,,,,,,,,,,,
1451,,,,서부면,,,,,,,,,,,,,
1452,,,,서빙고동,,,,,,,,,,,,,
1453,,,,서삼면,,,,,,,,,,,,,
1454,,,,서상면,,,,,,,,,,,,,
1455,,,,서생면,,,,,,,,,,,,,
1456,,,,서서학동,,,,,,,,,,,,,
1457,,,,서석면,,,,,,,,,,,,,
1458,,,,서수면,,,,,,,,,,,,,
1459,,,,서신동,,,,,,,,,,,,,
1460,,,,서신면,,,,,,,,,,,,,
1461,,,,서운면,,,,,,,,,,,,,
1462,,,,서원동,,,,,,,,,,,,,
1463,,,,서원면,,,,,,,,,,,,,
1464,,,,서정동,,,,,,,,,,,,,
1465,,,,서제1동,,,,,,,,,,,,,
1466,,,,서제2동,,,,,,,,,,,,,
1467,,,,서제3동,,,,,,,,,,,,,
1468,,,,서종면,,,,,,,,,,,,,
1469,,,,서창2동,,,,,,,,,,,,,
1470,,,,서창동,,,,,,,,,,,,,
1471,,,,서천읍,,,,,,,,,,,,,
1472,,,,서초1동,,,,,,,,,,,,,
1473,,,,서초2동,,,,,,,,,,,,,
1474,,,,서초3동,,,,,,,,,,,,,
1475,,,,서초4동,,,,,,,,,,,,,
1476,,,,서탄면,,,,,,,,,,,,,
1477,,,,서포면,,,,,,,,,,,,,
1478,,,,서하면,,,,,,,,,,,,,
1479,,,,서현1동,,,,,,,,,,,,,
1480,,,,서현2동,,,,,,,,,,,,,
1481,,,,서호면,,,,,,,,,,,,,
1482,,,,서홍동,,,,,,,,,,,,,
1483,,,,서화면,,,,,,,,,,,,,
1484,,,,서후면,,,,,,,,,,,,,
1485,,,,석곡동,,,,,,,,,,,,,
1486,,,,석곡면,,,,,,,,,,,,,
1487,,,,석관동,,,,,,,,,,,,,
1488,,,,석교동,,,,,,,,,,,,,
1489,,,,석남1동,,,,,,,,,,,,,
1490,,,,석남2동,,,,,,,,,,,,,
1491,,,,석남3동,,,,,,,,,,,,,
1492,,,,석남동,,,,,,,,,,,,,
1493,,,,석동,,,,,,,,,,,,,
1494,,,,석문면,,,,,,,,,,,,,
1495,,,,석보면,,,,,,,,,,,,,
1496,,,,석봉동,,,,,,,,,,,,,
1497,,,,석사동,,,,,,,,,,,,,
1498,,,,석성면,,,,,,,,,,,,,
1499,,,,석수1동,,,,,,,,,,,,,
1500,,,,석수2동,,,,,,,,,,,,,
1501,,,,석수3동,,,,,,,,,,,,,
1502,,,,석적읍,,,,,,,,,,,,,
1503,,,,석전동,,,,,,,,,,,,,
1504,,,,석촌동,,,,,,,,,,,,,
1505,,,,석포면,,,,,,,,,,,,,
1506,,,,선구동,,,,,,,,,,,,,
1507,,,,선남면,,,,,,,,,,,,,
1508,,,,선단동,,,,,,,,,,,,,
1509,,,,선도동,,,,,,,,,,,,,
1510,,,,선두구동,,,,,,,,,,,,,
1511,,,,선부1동,,,,,,,,,,,,,
1512,,,,선부2동,,,,,,,,,,,,,
1513,,,,선부3동,,,,,,,,,,,,,
1514,,,,선산읍,,,,,,,,,,,,,
1515,,,,선암동,,,,,,,,,,,,,
1516,,,,선원면,,,,,,,,,,,,,
1517,,,,선장면,,,,,,,,,,,,,
1518,,,,선주원남동,,,,,,,,,,,,,
1519,,,,선학동,,,,,,,,,,,,,
1520,,,,설성면,,,,,,,,,,,,,
1521,,,,설악면,,,,,,,,,,,,,
1522,,,,설천면,,,,,,,,,,,,,
1523,,,,성거읍,,,,,,,,,,,,,
1524,,,,성건동,,,,,,,,,,,,,
1525,,,,성곡동,,,,,,,,,,,,,
1526,,,,성남동,,,,,,,,,,,,,
1527,,,,성남면,,,,,,,,,,,,,
1528,,,,성내.충인동,,,,,,,,,,,,,
1529,,,,성내1동,,,,,,,,,,,,,
1530,,,,성내2동,,,,,,,,,,,,,
1531,,,,성내3동,,,,,,,,,,,,,
1532,,,,성내동,,,,,,,,,,,,,
1533,,,,성내면,,,,,,,,,,,,,
1534,,,,성내제1동,,,,,,,,,,,,,
1535,,,,성내제2동,,,,,,,,,,,,,
1536,,,,성내제3동,,,,,,,,,,,,,
1537,,,,성당동,,,,,,,,,,,,,
1538,,,,성당면,,,,,,,,,,,,,
1539,,,,성덕동,,,,,,,,,,,,,
1540,,,,성덕면,,,,,,,,,,,,,
1541,,,,성동면,,,,,,,,,,,,,
1542,,,,성복동,,,,,,,,,,,,,
1543,,,,성북동,,,,,,,,,,,,,
1544,,,,성사1동,,,,,,,,,,,,,
1545,,,,성사2동,,,,,,,,,,,,,
1546,,,,성산면,,,,,,,,,,,,,
1547,,,,성산읍,,,,,,,,,,,,,
1548,,,,성산제1동,,,,,,,,,,,,,
1549,,,,성산제2동,,,,,,,,,,,,,
1550,,,,성송면,,,,,,,,,,,,,
1551,,,,성수1가제1동,,,,,,,,,,,,,
1552,,,,성수1가제2동,,,,,,,,,,,,,
1553,,,,성수2가제1동,,,,,,,,,,,,,
1554,,,,성수2가제3동,,,,,,,,,,,,,
1555,,,,성수면,,,,,,,,,,,,,
1556,,,,성안동,,,,,,,,,,,,,
1557,,,,성연면,,,,,,,,,,,,,
1558,,,,성전면,,,,,,,,,,,,,
1559,,,,성정1동,,,,,,,,,,,,,
1560,,,,성정2동,,,,,,,,,,,,,
1561,,,,성주동,,,,,,,,,,,,,
1562,,,,성주면,,,,,,,,,,,,,
1563,,,,성주읍,,,,,,,,,,,,,
1564,,,,성포동,,,,,,,,,,,,,
1565,,,,성현동,,,,,,,,,,,,,
1566,,,,성화.개신.죽림동,,,,,,,,,,,,,
1567,,,,성환읍,,,,,,,,,,,,,
1568,,,,세곡동,,,,,,,,,,,,,
1569,,,,세교동,,,,,,,,,,,,,
1570,,,,세도면,,,,,,,,,,,,,
1571,,,,세류1동,,,,,,,,,,,,,
1572,,,,세류2동,,,,,,,,,,,,,
1573,,,,세류3동,,,,,,,,,,,,,
1574,,,,세마동,,,,,,,,,,,,,
1575,,,,세지면,,,,,,,,,,,,,
1576,,,,소공동,,,,,,,,,,,,,
1577,,,,소담동,,,,,,,,,,,,,
1578,,,,소라면,,,,,,,,,,,,,
1579,,,,소룡동,,,,,,,,,,,,,
1580,,,,소보면,,,,,,,,,,,,,
1581,,,,소사본동,,,,,,,,,,,,,
1582,,,,소성면,,,,,,,,,,,,,
1583,,,,소수면,,,,,,,,,,,,,
1584,,,,소안면,,,,,,,,,,,,,
1585,,,,소양동,,,,,,,,,,,,,
1586,,,,소양면,,,,,,,,,,,,,
1587,,,,소요동,,,,,,,,,,,,,
1588,,,,소원면,,,,,,,,,,,,,
1589,,,,소이면,,,,,,,,,,,,,
1590,,,,소정면,,,,,,,,,,,,,
1591,,,,소주동,,,,,,,,,,,,,
1592,,,,소천면,,,,,,,,,,,,,
1593,,,,소초면,,,,,,,,,,,,,
1594,,,,소태면,,,,,,,,,,,,,
1595,,,,소하1동,,,,,,,,,,,,,
1596,,,,소하2동,,,,,,,,,,,,,
1597,,,,소흘읍,,,,,,,,,,,,,
1598,,,,속리산면,,,,,,,,,,,,,
1599,,,,손불면,,,,,,,,,,,,,
1600,,,,손양면,,,,,,,,,,,,,
1601,,,,송광면,,,,,,,,,,,,,
1602,,,,송내동,,,,,,,,,,,,,
1603,,,,송도1동,,,,,,,,,,,,,
1604,,,,송도2동,,,,,,,,,,,,,
1605,,,,송도3동,,,,,,,,,,,,,
1606,,,,송도4동,,,,,,,,,,,,,
1607,,,,송도5동,,,,,,,,,,,,,
1608,,,,송도동,,,,,,,,,,,,,
1609,,,,송동면,,,,,,,,,,,,,
1610,,,,송라면,,,,,,,,,,,,,
1611,,,,송림1동,,,,,,,,,,,,,
1612,,,,송림2동,,,,,,,,,,,,,
1613,,,,송림3.5동,,,,,,,,,,,,,
1614,,,,송림4동,,,,,,,,,,,,,
1615,,,,송림6동,,,,,,,,,,,,,
1616,,,,송북동,,,,,,,,,,,,,
1617,,,,송산1동,,,,,,,,,,,,,
1618,,,,송산2동,,,,,,,,,,,,,
1619,,,,송산3동,,,,,,,,,,,,,
1620,,,,송산동,,,,,,,,,,,,,
1621,,,,송산면,,,,,,,,,,,,,
1622,,,,송악면,,,,,,,,,,,,,
1623,,,,송악읍,,,,,,,,,,,,,
1624,,,,송암동,,,,,,,,,,,,,
1625,,,,송월동,,,,,,,,,,,,,
1626,,,,송정1동,,,,,,,,,,,,,
1627,,,,송정2동,,,,,,,,,,,,,
1628,,,,송정동,,,,,,,,,,,,,
1629,,,,송죽동,,,,,,,,,,,,,
1630,,,,송중동,,,,,,,,,,,,,
1631,,,,송지면,,,,,,,,,,,,,
1632,,,,송천1동,,,,,,,,,,,,,
1633,,,,송천2동,,,,,,,,,,,,,
1634,,,,송천동,,,,,,,,,,,,,
1635,,,,송촌동,,,,,,,,,,,,,
1636,,,,송탄동,,,,,,,,,,,,,
1637,,,,송파1동,,,,,,,,,,,,,
1638,,,,송파2동,,,,,,,,,,,,,
1639,,,,송포동,,,,,,,,,,,,,
1640,,,,송하동,,,,,,,,,,,,,
1641,,,,송학동,,,,,,,,,,,,,
1642,,,,송학면,,,,,,,,,,,,,
1643,,,,송해면,,,,,,,,,,,,,
1644,,,,송현1.2동,,,,,,,,,,,,,
1645,,,,송현1동,,,,,,,,,,,,,
1646,,,,송현2동,,,,,,,,,,,,,
1647,,,,송현3동,,,,,,,,,,,,,
1648,,,,수곡1동,,,,,,,,,,,,,
1649,,,,수곡2동,,,,,,,,,,,,,
1650,,,,수곡면,,,,,,,,,,,,,
1651,,,,수궁동,,,,,,,,,,,,,
1652,,,,수내1동,,,,,,,,,,,,,
1653,,,,수내2동,,,,,,,,,,,,,
1654,,,,수내3동,,,,,,,,,,,,,
1655,,,,수동면,,,,,,,,,,,,,
1656,,,,수륜면,,,,,,,,,,,,,
1657,,,,수리동,,,,,,,,,,,,,
1658,,,,수민동,,,,,,,,,,,,,
1659,,,,수북면,,,,,,,,,,,,,
1660,,,,수비면,,,,,,,,,,,,,
1661,,,,수산면,,,,,,,,,,,,,
1662,,,,수색동,,,,,,,,,,,,,
1663,,,,수서동,,,,,,,,,,,,,
1664,,,,수석동,,,,,,,,,,,,,
1665,,,,수성1가동,,,,,,,,,,,,,
1666,,,,수성2.3가동,,,,,,,,,,,,,
1667,,,,수성4가동,,,,,,,,,,,,,
1668,,,,수성동,,,,,,,,,,,,,
1669,,,,수송동,,,,,,,,,,,,,
1670,,,,수신면,,,,,,,,,,,,,
1671,,,,수안보면,,,,,,,,,,,,,
1672,,,,수암동,,,,,,,,,,,,,
1673,,,,수양동,,,,,,,,,,,,,
1674,,,,수영동,,,,,,,,,,,,,
1675,,,,수완동,,,,,,,,,,,,,
1676,,,,수유1동,,,,,,,,,,,,,
1677,,,,수유2동,,,,,,,,,,,,,
1678,,,,수유3동,,,,,,,,,,,,,
1679,,,,수정제1동,,,,,,,,,,,,,
1680,,,,수정제2동,,,,,,,,,,,,,
1681,,,,수정제4동,,,,,,,,,,,,,
1682,,,,수정제5동,,,,,,,,,,,,,
1683,,,,수지면,,,,,,,,,,,,,
1684,,,,수진1동,,,,,,,,,,,,,
1685,,,,수진2동,,,,,,,,,,,,,
1686,,,,수택1동,,,,,,,,,,,,,
1687,,,,수택2동,,,,,,,,,,,,,
1688,,,,수택3동,,,,,,,,,,,,,
1689,,,,수한면,,,,,,,,,,,,,
1690,,,,순성면,,,,,,,,,,,,,
1691,,,,순창읍,,,,,,,,,,,,,
1692,,,,순흥면,,,,,,,,,,,,,
1693,,,,"숭의1,3동",,,,,,,,,,,,,
1694,,,,숭의2동,,,,,,,,,,,,,
1695,,,,숭의4동,,,,,,,,,,,,,
1696,,,,숭인제1동,,,,,,,,,,,,,
1697,,,,숭인제2동,,,,,,,,,,,,,
1698,,,,승주읍,,,,,,,,,,,,,
1699,,,,시기동,,,,,,,,,,,,,
1700,,,,시전동,,,,,,,,,,,,,
1701,,,,시종면,,,,,,,,,,,,,
1702,,,,시천면,,,,,,,,,,,,,
1703,,,,시초면,,,,,,,,,,,,,
1704,,,,시흥동,,,,,,,,,,,,,
1705,,,,시흥제1동,,,,,,,,,,,,,
1706,,,,시흥제2동,,,,,,,,,,,,,
1707,,,,시흥제3동,,,,,,,,,,,,,
1708,,,,시흥제4동,,,,,,,,,,,,,
1709,,,,시흥제5동,,,,,,,,,,,,,
1710,,,,식사동,,,,,,,,,,,,,
1711,,,,신가동,,,,,,,,,,,,,
1712,,,,신갈동,,,,,,,,,,,,,
1713,,,,신곡1동,,,,,,,,,,,,,
1714,,,,신곡2동,,,,,,,,,,,,,
1715,,,,신관동,,,,,,,,,,,,,
1716,,,,신광면,,,,,,,,,,,,,
1717,,,,신기면,,,,,,,,,,,,,
1718,,,,신길동,,,,,,,,,,,,,
1719,,,,신길제1동,,,,,,,,,,,,,
1720,,,,신길제3동,,,,,,,,,,,,,
1721,,,,신길제4동,,,,,,,,,,,,,
1722,,,,신길제5동,,,,,,,,,,,,,
1723,,,,신길제6동,,,,,,,,,,,,,
1724,,,,신길제7동,,,,,,,,,,,,,
1725,,,,신내1동,,,,,,,,,,,,,
1726,,,,신내2동,,,,,,,,,,,,,
1727,,,,신녕면,,,,,,,,,,,,,
1728,,,,신니면,,,,,,,,,,,,,
1729,,,,신당동,,,,,,,,,,,,,
1730,,,,신당제5동,,,,,,,,,,,,,
1731,,,,신대방제1동,,,,,,,,,,,,,
1732,,,,신대방제2동,,,,,,,,,,,,,
1733,,,,신덕면,,,,,,,,,,,,,
1734,,,,신도림동,,,,,,,,,,,,,
1735,,,,신도안면,,,,,,,,,,,,,
1736,,,,신동,,,,,,,,,,,,,
1737,,,,신동면,,,,,,,,,,,,,
1738,,,,신동읍,,,,,,,,,,,,,
1739,,,,신둔면,,,,,,,,,,,,,
1740,,,,신등면,,,,,,,,,,,,,
1741,,,,신림동,,,,,,,,,,,,,
1742,,,,신림면,,,,,,,,,,,,,
1743,,,,신방동,,,,,,,,,,,,,
1744,,,,신백동,,,,,,,,,,,,,
1745,,,,신봉동,,,,,,,,,,,,,
1746,,,,신북면,,,,,,,,,,,,,
1747,,,,신북읍,,,,,,,,,,,,,
1748,,,,신사동,,,,,,,,,,,,,
1749,,,,신사우동,,,,,,,,,,,,,
1750,,,,신사제1동,,,,,,,,,,,,,
1751,,,,신사제2동,,,,,,,,,,,,,
1752,,,,신서면,,,,,,,,,,,,,
1753,,,,신선동,,,,,,,,,,,,,
1754,,,,신성동,,,,,,,,,,,,,
1755,,,,신수동,,,,,,,,,,,,,
1756,,,,신안동,,,,,,,,,,,,,
1757,,,,신안면,,,,,,,,,,,,,
1758,,,,신암1동,,,,,,,,,,,,,
1759,,,,신암2동,,,,,,,,,,,,,
1760,,,,신암3동,,,,,,,,,,,,,
1761,,,,신암4동,,,,,,,,,,,,,
1762,,,,신암5동,,,,,,,,,,,,,
1763,,,,신암면,,,,,,,,,,,,,
1764,,,,신양면,,,,,,,,,,,,,
1765,,,,신용동,,,,,,,,,,,,,
1766,,,,신원동,,,,,,,,,,,,,
1767,,,,신원면,,,,,,,,,,,,,
1768,,,,신월1동,,,,,,,,,,,,,
1769,,,,신월2동,,,,,,,,,,,,,
1770,,,,신월3동,,,,,,,,,,,,,
1771,,,,신월4동,,,,,,,,,,,,,
1772,,,,신월5동,,,,,,,,,,,,,
1773,,,,신월6동,,,,,,,,,,,,,
1774,,,,신월7동,,,,,,,,,,,,,
1775,,,,신의면,,,,,,,,,,,,,
1776,,,,신인동,,,,,,,,,,,,,
1777,,,,신장1동,,,,,,,,,,,,,
1778,,,,신장2동,,,,,,,,,,,,,
1779,,,,신장동,,,,,,,,,,,,,
1780,,,,신전면,,,,,,,,,,,,,
1781,,,,신정1동,,,,,,,,,,,,,
1782,,,,신정2동,,,,,,,,,,,,,
1783,,,,신정3동,,,,,,,,,,,,,
1784,,,,신정4동,,,,,,,,,,,,,
1785,,,,신정5동,,,,,,,,,,,,,
1786,,,,신정6동,,,,,,,,,,,,,
1787,,,,신정7동,,,,,,,,,,,,,
1788,,,,신중동,,,,,,,,,,,,,
1789,,,,신지면,,,,,,,,,,,,,
1790,,,,신창동,,,,,,,,,,,,,
1791,,,,신창면,,,,,,,,,,,,,
1792,,,,신천1.2동,,,,,,,,,,,,,
1793,,,,신천3동,,,,,,,,,,,,,
1794,,,,신천4동,,,,,,,,,,,,,
1795,,,,신천동,,,,,,,,,,,,,
1796,,,,신촌동,,,,,,,,,,,,,
1797,,,,신탄진동,,,,,,,,,,,,,
1798,,,,신태인읍,,,,,,,,,,,,,
1799,,,,신평1동,,,,,,,,,,,,,
1800,,,,신평2동,,,,,,,,,,,,,
1801,,,,신평동,,,,,,,,,,,,,
1802,,,,신평면,,,,,,,,,,,,,
1803,,,,신평제1동,,,,,,,,,,,,,
1804,,,,신평제2동,,,,,,,,,,,,,
1805,,,,신포동,,,,,,,,,,,,,
1806,,,,신풍동,,,,,,,,,,,,,
1807,,,,신풍면,,,,,,,,,,,,,
1808,,,,신현동,,,,,,,,,,,,,
1809,,,,신현원창동,,,,,,,,,,,,,
1810,,,,신흥1동,,,,,,,,,,,,,
1811,,,,신흥2동,,,,,,,,,,,,,
1812,,,,신흥3동,,,,,,,,,,,,,
1813,,,,신흥동,,,,,,,,,,,,,
1814,,,,심곡동,,,,,,,,,,,,,
1815,,,,심원면,,,,,,,,,,,,,
1816,,,,심천면,,,,,,,,,,,,,
1817,,,,십정1동,,,,,,,,,,,,,
1818,,,,십정2동,,,,,,,,,,,,,
1819,,,,쌍령동,,,,,,,,,,,,,
1820,,,,쌍림면,,,,,,,,,,,,,
1821,,,,쌍문제1동,,,,,,,,,,,,,
1822,,,,쌍문제2동,,,,,,,,,,,,,
1823,,,,쌍문제3동,,,,,,,,,,,,,
1824,,,,쌍문제4동,,,,,,,,,,,,,
1825,,,,쌍백면,,,,,,,,,,,,,
1826,,,,쌍봉동,,,,,,,,,,,,,
1827,,,,쌍용1동,,,,,,,,,,,,,
1828,,,,쌍용2동,,,,,,,,,,,,,
1829,,,,쌍용3동,,,,,,,,,,,,,
1830,,,,쌍책면,,,,,,,,,,,,,
1831,,,,쌍치면,,,,,,,,,,,,,
1832,,,,아라동,,,,,,,,,,,,,
1833,,,,아름동,,,,,,,,,,,,,
1834,,,,아미동,,,,,,,,,,,,,
1835,,,,아산면,,,,,,,,,,,,,
1836,,,,아영면,,,,,,,,,,,,,
1837,,,,아주동,,,,,,,,,,,,,
1838,,,,아포읍,,,,,,,,,,,,,
1839,,,,아현동,,,,,,,,,,,,,
1840,,,,악양면,,,,,,,,,,,,,
1841,,,,안강읍,,,,,,,,,,,,,
1842,,,,안계면,,,,,,,,,,,,,
1843,,,,안기동,,,,,,,,,,,,,
1844,,,,안남면,,,,,,,,,,,,,
1845,,,,안내면,,,,,,,,,,,,,
1846,,,,안덕면,,,,,,,,,,,,,
1847,,,,안락제1동,,,,,,,,,,,,,
1848,,,,안락제2동,,,,,,,,,,,,,
1849,,,,안면읍,,,,,,,,,,,,,
1850,,,,안사면,,,,,,,,,,,,,
1851,,,,안산동,,,,,,,,,,,,,
1852,,,,안성1동,,,,,,,,,,,,,
1853,,,,안성2동,,,,,,,,,,,,,
1854,,,,안성3동,,,,,,,,,,,,,
1855,,,,안성면,,,,,,,,,,,,,
1856,,,,안심1동,,,,,,,,,,,,,
1857,,,,안심2동,,,,,,,,,,,,,
1858,,,,안심3.4동,,,,,,,,,,,,,
1859,,,,안심3동,,,,,,,,,,,,,
1860,,,,안심4동,,,,,,,,,,,,,
1861,,,,안암동,,,,,,,,,,,,,
1862,,,,안양1동,,,,,,,,,,,,,
1863,,,,안양2동,,,,,,,,,,,,,
1864,,,,안양3동,,,,,,,,,,,,,
1865,,,,안양4동,,,,,,,,,,,,,
1866,,,,안양5동,,,,,,,,,,,,,
1867,,,,안양6동,,,,,,,,,,,,,
1868,,,,안양7동,,,,,,,,,,,,,
1869,,,,안양8동,,,,,,,,,,,,,
1870,,,,안양9동,,,,,,,,,,,,,
1871,,,,안양면,,,,,,,,,,,,,
1872,,,,안의면,,,,,,,,,,,,,
1873,,,,안정면,,,,,,,,,,,,,
1874,,,,안좌면,,,,,,,,,,,,,
1875,,,,안중읍,,,,,,,,,,,,,
1876,,,,안천면,,,,,,,,,,,,,
1877,,,,안평면,,,,,,,,,,,,,
1878,,,,안흥면,,,,,,,,,,,,,
1879,,,,암남동,,,,,,,,,,,,,
1880,,,,암사제1동,,,,,,,,,,,,,
1881,,,,암사제2동,,,,,,,,,,,,,
1882,,,,암사제3동,,,,,,,,,,,,,
1883,,,,암태면,,,,,,,,,,,,,
1884,,,,압구정동,,,,,,,,,,,,,
1885,,,,압량읍,,,,,,,,,,,,,
1886,,,,압해읍,,,,,,,,,,,,,
1887,,,,앙성면,,,,,,,,,,,,,
1888,,,,애월읍,,,,,,,,,,,,,
1889,,,,야로면,,,,,,,,,,,,,
1890,,,,야음장생포동,,,,,,,,,,,,,
1891,,,,야탑1동,,,,,,,,,,,,,
1892,,,,야탑2동,,,,,,,,,,,,,
1893,,,,야탑3동,,,,,,,,,,,,,
1894,,,,약목면,,,,,,,,,,,,,
1895,,,,약사동,,,,,,,,,,,,,
1896,,,,약사명동,,,,,,,,,,,,,
1897,,,,약산면,,,,,,,,,,,,,
1898,,,,약수동,,,,,,,,,,,,,
1899,,,,양3동,,,,,,,,,,,,,
1900,,,,양감면,,,,,,,,,,,,,
1901,,,,양강면,,,,,,,,,,,,,
1902,,,,양구읍,,,,,,,,,,,,,
1903,,,,양금동,,,,,,,,,,,,,
1904,,,,양남면,,,,,,,,,,,,,
1905,,,,양덕1동,,,,,,,,,,,,,
1906,,,,양덕2동,,,,,,,,,,,,,
1907,,,,양도면,,,,,,,,,,,,,
1908,,,,양동,,,,,,,,,,,,,
1909,,,,양동면,,,,,,,,,,,,,
1910,,,,양림동,,,,,,,,,,,,,
1911,,,,양보면,,,,,,,,,,,,,
1912,,,,양사면,,,,,,,,,,,,,
1913,,,,양산동,,,,,,,,,,,,,
1914,,,,양산면,,,,,,,,,,,,,
1915,,,,양서면,,,,,,,,,,,,,
1916,,,,양성면,,,,,,,,,,,,,
1917,,,,양양읍,,,,,,,,,,,,,
1918,,,,양재1동,,,,,,,,,,,,,
1919,,,,양재2동,,,,,,,,,,,,,
1920,,,,양정동,,,,,,,,,,,,,
1921,,,,양정제1동,,,,,,,,,,,,,
1922,,,,양정제2동,,,,,,,,,,,,,
1923,,,,양주1동,,,,,,,,,,,,,
1924,,,,양주2동,,,,,,,,,,,,,
1925,,,,양주동,,,,,,,,,,,,,
1926,,,,양지동,,,,,,,,,,,,,
1927,,,,양지면,,,,,,,,,,,,,
1928,,,,양촌면,,,,,,,,,,,,,
1929,,,,양촌읍,,,,,,,,,,,,,
1930,,,,양평읍,,,,,,,,,,,,,
1931,,,,양평제1동,,,,,,,,,,,,,
1932,,,,양평제2동,,,,,,,,,,,,,
1933,,,,양포동,,,,,,,,,,,,,
1934,,,,양학동,,,,,,,,,,,,,
1935,,,,양화면,,,,,,,,,,,,,
1936,,,,어룡동,,,,,,,,,,,,,
1937,,,,어모면,,,,,,,,,,,,,
1938,,,,어상천면,,,,,,,,,,,,,
1939,,,,어양동,,,,,,,,,,,,,
1940,,,,언양읍,,,,,,,,,,,,,
1941,,,,엄궁동,,,,,,,,,,,,,
1942,,,,엄다면,,,,,,,,,,,,,
1943,,,,엄사면,,,,,,,,,,,,,
1944,,,,엄정면,,,,,,,,,,,,,
1945,,,,여량면,,,,,,,,,,,,,
1946,,,,여산면,,,,,,,,,,,,,
1947,,,,여서동,,,,,,,,,,,,,
1948,,,,여의동,,,,,,,,,,,,,
1949,,,,여좌동,,,,,,,,,,,,,
1950,,,,여천동,,,,,,,,,,,,,
1951,,,,여항면,,,,,,,,,,,,,
1952,,,,여흥동,,,,,,,,,,,,,
1953,,,,역삼1동,,,,,,,,,,,,,
1954,,,,역삼2동,,,,,,,,,,,,,
1955,,,,역삼동,,,,,,,,,,,,,
1956,,,,역촌동,,,,,,,,,,,,,
1957,,,,연곡면,,,,,,,,,,,,,
1958,,,,연기면,,,,,,,,,,,,,
1959,,,,연남동,,,,,,,,,,,,,
1960,,,,연동,,,,,,,,,,,,,
1961,,,,연동면,,,,,,,,,,,,,
1962,,,,연무동,,,,,,,,,,,,,
1963,,,,연무읍,,,,,,,,,,,,,
1964,,,,연산동,,,,,,,,,,,,,
1965,,,,연산면,,,,,,,,,,,,,
1966,,,,연산제1동,,,,,,,,,,,,,
1967,,,,연산제2동,,,,,,,,,,,,,
1968,,,,연산제3동,,,,,,,,,,,,,
1969,,,,연산제4동,,,,,,,,,,,,,
1970,,,,연산제5동,,,,,,,,,,,,,
1971,,,,연산제6동,,,,,,,,,,,,,
1972,,,,연산제8동,,,,,,,,,,,,,
1973,,,,연산제9동,,,,,,,,,,,,,
1974,,,,연서면,,,,,,,,,,,,,
1975,,,,연성동,,,,,,,,,,,,,
1976,,,,연수1동,,,,,,,,,,,,,
1977,,,,연수2동,,,,,,,,,,,,,
1978,,,,연수3동,,,,,,,,,,,,,
1979,,,,연수동,,,,,,,,,,,,,
1980,,,,연안동,,,,,,,,,,,,,
1981,,,,연일읍,,,,,,,,,,,,,
1982,,,,연지동,,,,,,,,,,,,,
1983,,,,연천읍,,,,,,,,,,,,,
1984,,,,연초면,,,,,,,,,,,,,
1985,,,,연평면,,,,,,,,,,,,,
1986,,,,연풍면,,,,,,,,,,,,,
1987,,,,연희동,,,,,,,,,,,,,
1988,,,,염리동,,,,,,,,,,,,,
1989,,,,염산면,,,,,,,,,,,,,
1990,,,,염창동,,,,,,,,,,,,,
1991,,,,염치읍,,,,,,,,,,,,,
1992,,,,염포동,,,,,,,,,,,,,
1993,,,,영강동,,,,,,,,,,,,,
1994,,,,영광읍,,,,,,,,,,,,,
1995,,,,영남면,,,,,,,,,,,,,
1996,,,,영덕1동,,,,,,,,,,,,,
1997,,,,영덕2동,,,,,,,,,,,,,
1998,,,,영덕동,,,,,,,,,,,,,
1999,,,,영덕읍,,,,,,,,,,,,,
2000,,,,영동읍,,,,,,,,,,,,,
2001,,,,영등1동,,,,,,,,,,,,,
2002,,,,영등2동,,,,,,,,,,,,,
2003,,,,영등포동,,,,,,,,,,,,,
2004,,,,영등포본동,,,,,,,,,,,,,
2005,,,,영랑동,,,,,,,,,,,,,
2006,,,,영북면,,,,,,,,,,,,,
2007,,,,영산동,,,,,,,,,,,,,
2008,,,,영산면,,,,,,,,,,,,,
2009,,,,영서동,,,,,,,,,,,,,
2010,,,,영선제1동,,,,,,,,,,,,,
2011,,,,영선제2동,,,,,,,,,,,,,
2012,,,,영순면,,,,,,,,,,,,,
2013,,,,영암읍,,,,,,,,,,,,,
2014,,,,영양읍,,,,,,,,,,,,,
2015,,,,영오면,,,,,,,,,,,,,
2016,,,,영운동,,,,,,,,,,,,,
2017,,,,영원면,,,,,,,,,,,,,
2018,,,,영월읍,,,,,,,,,,,,,
2019,,,,영인면,,,,,,,,,,,,,
2020,,,,영종1동,,,,,,,,,,,,,
2021,,,,영종동,,,,,,,,,,,,,
2022,,,,영주1동,,,,,,,,,,,,,
2023,,,,영주2동,,,,,,,,,,,,,
2024,,,,영주제1동,,,,,,,,,,,,,
2025,,,,영주제2동,,,,,,,,,,,,,
2026,,,,영중면,,,,,,,,,,,,,
2027,,,,영천동,,,,,,,,,,,,,
2028,,,,영춘면,,,,,,,,,,,,,
2029,,,,영통1동,,,,,,,,,,,,,
2030,,,,영통2동,,,,,,,,,,,,,
2031,,,,영통3동,,,,,,,,,,,,,
2032,,,,영해면,,,,,,,,,,,,,
2033,,,,영현면,,,,,,,,,,,,,
2034,,,,영화동,,,,,,,,,,,,,
2035,,,,영흥면,,,,,,,,,,,,,
2036,,,,예래동,,,,,,,,,,,,,
2037,,,,예산읍,,,,,,,,,,,,,
2038,,,,예안면,,,,,,,,,,,,,
2039,,,,예천읍,,,,,,,,,,,,,
2040,,,,오가면,,,,,,,,,,,,,
2041,,,,오곡면,,,,,,,,,,,,,
2042,,,,오근장동,,,,,,,,,,,,,
2043,,,,오금동,,,,,,,,,,,,,
2044,,,,오남읍,,,,,,,,,,,,,
2045,,,,오동동,,,,,,,,,,,,,
2046,,,,오라동,,,,,,,,,,,,,
2047,,,,오류동,,,,,,,,,,,,,
2048,,,,오류왕길동,,,,,,,,,,,,,
2049,,,,오류제1동,,,,,,,,,,,,,
2050,,,,오류제2동,,,,,,,,,,,,,
2051,,,,오륜동,,,,,,,,,,,,,
2052,,,,오부면,,,,,,,,,,,,,
2053,,,,오산면,,,,,,,,,,,,,
2054,,,,오성면,,,,,,,,,,,,,
2055,,,,오송읍,,,,,,,,,,,,,
2056,,,,오수면,,,,,,,,,,,,,
2057,,,,오전동,,,,,,,,,,,,,
2058,,,,오정동,,,,,,,,,,,,,
2059,,,,오창읍,,,,,,,,,,,,,
2060,,,,오천면,,,,,,,,,,,,,
2061,,,,오천읍,,,,,,,,,,,,,
2062,,,,오치1동,,,,,,,,,,,,,
2063,,,,오치2동,,,,,,,,,,,,,
2064,,,,오포읍,,,,,,,,,,,,,
2065,,,,오학동,,,,,,,,,,,,,
2066,,,,옥계면,,,,,,,,,,,,,
2067,,,,옥곡면,,,,,,,,,,,,,
2068,,,,옥과면,,,,,,,,,,,,,
2069,,,,옥구읍,,,,,,,,,,,,,
2070,,,,옥도면,,,,,,,,,,,,,
2071,,,,옥동,,,,,,,,,,,,,
2072,,,,옥련1동,,,,,,,,,,,,,
2073,,,,옥련2동,,,,,,,,,,,,,
2074,,,,옥룡동,,,,,,,,,,,,,
2075,,,,옥룡면,,,,,,,,,,,,,
2076,,,,옥산면,,,,,,,,,,,,,
2077,,,,옥서면,,,,,,,,,,,,,
2078,,,,옥성면,,,,,,,,,,,,,
2079,,,,옥수동,,,,,,,,,,,,,
2080,,,,옥암동,,,,,,,,,,,,,
2081,,,,옥종면,,,,,,,,,,,,,
2082,,,,옥천동,,,,,,,,,,,,,
2083,,,,옥천면,,,,,,,,,,,,,
2084,,,,옥천읍,,,,,,,,,,,,,
2085,,,,옥포1동,,,,,,,,,,,,,
2086,,,,옥포2동,,,,,,,,,,,,,
2087,,,,옥포읍,,,,,,,,,,,,,
2088,,,,온산읍,,,,,,,,,,,,,
2089,,,,온양1동,,,,,,,,,,,,,
2090,,,,온양2동,,,,,,,,,,,,,
2091,,,,온양3동,,,,,,,,,,,,,
2092,,,,온양4동,,,,,,,,,,,,,
2093,,,,온양5동,,,,,,,,,,,,,
2094,,,,온양6동,,,,,,,,,,,,,
2095,,,,온양읍,,,,,,,,,,,,,
2096,,,,온정면,,,,,,,,,,,,,
2097,,,,온천1동,,,,,,,,,,,,,
2098,,,,온천2동,,,,,,,,,,,,,
2099,,,,온천제1동,,,,,,,,,,,,,
2100,,,,온천제2동,,,,,,,,,,,,,
2101,,,,온천제3동,,,,,,,,,,,,,
2102,,,,옴천면,,,,,,,,,,,,,
2103,,,,옹동면,,,,,,,,,,,,,
2104,,,,와동,,,,,,,,,,,,,
2105,,,,와룡면,,,,,,,,,,,,,
2106,,,,와부읍,,,,,,,,,,,,,
2107,,,,와촌면,,,,,,,,,,,,,
2108,,,,완도읍,,,,,,,,,,,,,
2109,,,,완산동,,,,,,,,,,,,,
2110,,,,완월동,,,,,,,,,,,,,
2111,,,,왕곡면,,,,,,,,,,,,,
2112,,,,왕궁면,,,,,,,,,,,,,
2113,,,,왕산면,,,,,,,,,,,,,
2114,,,,왕십리도선동,,,,,,,,,,,,,
2115,,,,왕십리제2동,,,,,,,,,,,,,
2116,,,,왕정동,,,,,,,,,,,,,
2117,,,,왕조1동,,,,,,,,,,,,,
2118,,,,왕조2동,,,,,,,,,,,,,
2119,,,,왕징면,,,,,,,,,,,,,
2120,,,,왜관읍,,,,,,,,,,,,,
2121,,,,외남면,,,,,,,,,,,,,
2122,,,,외도동,,,,,,,,,,,,,
2123,,,,외동읍,,,,,,,,,,,,,
2124,,,,외산면,,,,,,,,,,,,,
2125,,,,외서면,,,,,,,,,,,,,
2126,,,,요촌동,,,,,,,,,,,,,
2127,,,,욕지면,,,,,,,,,,,,,
2128,,,,용강동,,,,,,,,,,,,,
2129,,,,용궁면,,,,,,,,,,,,,
2130,,,,용남면,,,,,,,,,,,,,
2131,,,,용담.명암.산성동,,,,,,,,,,,,,
2132,,,,용담1동,,,,,,,,,,,,,
2133,,,,용담2동,,,,,,,,,,,,,
2134,,,,용담면,,,,,,,,,,,,,
2135,,,,용답동,,,,,,,,,,,,,
2136,,,,용당1동,,,,,,,,,,,,,
2137,,,,용당2동,,,,,,,,,,,,,
2138,,,,용당동,,,,,,,,,,,,,
2139,,,,용덕면,,,,,,,,,,,,,
2140,,,,용동면,,,,,,,,,,,,,
2141,,,,용두동,,,,,,,,,,,,,
2142,,,,용면,,,,,,,,,,,,,
2143,,,,용문동,,,,,,,,,,,,,
2144,,,,용문면,,,,,,,,,,,,,
2145,,,,용방면,,,,,,,,,,,,,
2146,,,,용봉동,,,,,,,,,,,,,
2147,,,,용산1동,,,,,,,,,,,,,
2148,,,,용산2가동,,,,,,,,,,,,,
2149,,,,용산2동,,,,,,,,,,,,,
2150,,,,용산동,,,,,,,,,,,,,
2151,,,,용산면,,,,,,,,,,,,,
2152,,,,용상동,,,,,,,,,,,,,
2153,,,,용성면,,,,,,,,,,,,,
2154,,,,용신동,,,,,,,,,,,,,
2155,,,,용안면,,,,,,,,,,,,,
2156,,,,용암1동,,,,,,,,,,,,,
2157,,,,용암2동,,,,,,,,,,,,,
2158,,,,용암면,,,,,,,,,,,,,
2159,,,,용운동,,,,,,,,,,,,,
2160,,,,용유동,,,,,,,,,,,,,
2161,,,,용이동,,,,,,,,,,,,,
2162,,,,용전동,,,,,,,,,,,,,
2163,,,,용주면,,,,,,,,,,,,,
2164,,,,용지동,,,,,,,,,,,,,
2165,,,,용지면,,,,,,,,,,,,,
2166,,,,용진읍,,,,,,,,,,,,,
2167,,,,용평면,,,,,,,,,,,,,
2168,,,,용해동,,,,,,,,,,,,,
2169,,,,"용현1,4동",,,,,,,,,,,,,
2170,,,,용현2동,,,,,,,,,,,,,
2171,,,,용현3동,,,,,,,,,,,,,
2172,,,,용현5동,,,,,,,,,,,,,
2173,,,,용현면,,,,,,,,,,,,,
2174,,,,용호제1동,,,,,,,,,,,,,
2175,,,,용호제2동,,,,,,,,,,,,,
2176,,,,용호제3동,,,,,,,,,,,,,
2177,,,,용호제4동,,,,,,,,,,,,,
2178,,,,용화면,,,,,,,,,,,,,
2179,,,,용흥동,,,,,,,,,,,,,
2180,,,,우강면,,,,,,,,,,,,,
2181,,,,우곡면,,,,,,,,,,,,,
2182,,,,우도면,,,,,,,,,,,,,
2183,,,,우만1동,,,,,,,,,,,,,
2184,,,,우만2동,,,,,,,,,,,,,
2185,,,,우보면,,,,,,,,,,,,,
2186,,,,우산동,,,,,,,,,,,,,
2187,,,,우성면,,,,,,,,,,,,,
2188,,,,우아1동,,,,,,,,,,,,,
2189,,,,우아2동,,,,,,,,,,,,,
2190,,,,우암동,,,,,,,,,,,,,
2191,,,,우이동,,,,,,,,,,,,,
2192,,,,우장산동,,,,,,,,,,,,,
2193,,,,우정동,,,,,,,,,,,,,
2194,,,,우정읍,,,,,,,,,,,,,
2195,,,,우제1동,,,,,,,,,,,,,
2196,,,,우제2동,,,,,,,,,,,,,
2197,,,,우제3동,,,,,,,,,,,,,
2198,,,,우창동,,,,,,,,,,,,,
2199,,,,우천면,,,,,,,,,,,,,
2200,,,,운곡면,,,,,,,,,,,,,
2201,,,,운남동,,,,,,,,,,,,,
2202,,,,운남면,,,,,,,,,,,,,
2203,,,,운문면,,,,,,,,,,,,,
2204,,,,운봉읍,,,,,,,,,,,,,
2205,,,,운산면,,,,,,,,,,,,,
2206,,,,운서동,,,,,,,,,,,,,
2207,,,,운수면,,,,,,,,,,,,,
2208,,,,운암1동,,,,,,,,,,,,,
2209,,,,운암2동,,,,,,,,,,,,,
2210,,,,운암3동,,,,,,,,,,,,,
2211,,,,운암면,,,,,,,,,,,,,
2212,,,,운양동,,,,,,,,,,,,,
2213,,,,운정1동,,,,,,,,,,,,,
2214,,,,운정2동,,,,,,,,,,,,,
2215,,,,운정3동,,,,,,,,,,,,,
2216,,,,운주면,,,,,,,,,,,,,
2217,,,,운중동,,,,,,,,,,,,,
2218,,,,운천.신봉동,,,,,,,,,,,,,
2219,,,,울릉읍,,,,,,,,,,,,,
2220,,,,울진읍,,,,,,,,,,,,,
2221,,,,웅남동,,,,,,,,,,,,,
2222,,,,웅동1동,,,,,,,,,,,,,
2223,,,,웅동2동,,,,,,,,,,,,,
2224,,,,웅양면,,,,,,,,,,,,,
2225,,,,웅진동,,,,,,,,,,,,,
2226,,,,웅천동,,,,,,,,,,,,,
2227,,,,웅천읍,,,,,,,,,,,,,
2228,,,,웅촌면,,,,,,,,,,,,,
2229,,,,웅치면,,,,,,,,,,,,,
2230,,,,웅포면,,,,,,,,,,,,,
2231,,,,원곡동,,,,,,,,,,,,,
2232,,,,원곡면,,,,,,,,,,,,,
2233,,,,원남면,,,,,,,,,,,,,
2234,,,,원당동,,,,,,,,,,,,,
2235,,,,원대동,,,,,,,,,,,,,
2236,,,,원덕읍,,,,,,,,,,,,,
2237,,,,원동면,,,,,,,,,,,,,
2238,,,,원북면,,,,,,,,,,,,,
2239,,,,원산도출장소,,,,,,,,,,,,,
2240,,,,원산동,,,,,,,,,,,,,
2241,,,,원삼면,,,,,,,,,,,,,
2242,,,,원성1동,,,,,,,,,,,,,
2243,,,,원성2동,,,,,,,,,,,,,
2244,,,,원신동,,,,,,,,,,,,,
2245,,,,원신흥동,,,,,,,,,,,,,
2246,,,,원인동,,,,,,,,,,,,,
2247,,,,원천동,,,,,,,,,,,,,
2248,,,,원평1동,,,,,,,,,,,,,
2249,,,,원평2동,,,,,,,,,,,,,
2250,,,,원평동,,,,,,,,,,,,,
2251,,,,원효로제1동,,,,,,,,,,,,,
2252,,,,원효로제2동,,,,,,,,,,,,,
2253,,,,월계1동,,,,,,,,,,,,,
2254,,,,월계2동,,,,,,,,,,,,,
2255,,,,월계3동,,,,,,,,,,,,,
2256,,,,월곡1동,,,,,,,,,,,,,
2257,,,,월곡2동,,,,,,,,,,,,,
2258,,,,월곡제1동,,,,,,,,,,,,,
2259,,,,월곡제2동,,,,,,,,,,,,,
2260,,,,월곶동,,,,,,,,,,,,,
2261,,,,월곶면,,,,,,,,,,,,,
2262,,,,월등면,,,,,,,,,,,,,
2263,,,,월롱면,,,,,,,,,,,,,
2264,,,,월명동,,,,,,,,,,,,,
2265,,,,월산4동,,,,,,,,,,,,,
2266,,,,월산5동,,,,,,,,,,,,,
2267,,,,월산동,,,,,,,,,,,,,
2268,,,,월산면,,,,,,,,,,,,,
2269,,,,월성1동,,,,,,,,,,,,,
2270,,,,월성2동,,,,,,,,,,,,,
2271,,,,월성동,,,,,,,,,,,,,
2272,,,,월송동,,,,,,,,,,,,,
2273,,,,월야면,,,,,,,,,,,,,
2274,,,,월영동,,,,,,,,,,,,,
2275,,,,월평1동,,,,,,,,,,,,,
2276,,,,월평2동,,,,,,,,,,,,,
2277,,,,월평3동,,,,,,,,,,,,,
2278,,,,월피동,,,,,,,,,,,,,
2279,,,,월항면,,,,,,,,,,,,,
2280,,,,월호동,,,,,,,,,,,,,
2281,,,,위도면,,,,,,,,,,,,,
2282,,,,위례동,,,,,,,,,,,,,
2283,,,,위천면,,,,,,,,,,,,,
2284,,,,유가읍,,,,,,,,,,,,,
2285,,,,유곡면,,,,,,,,,,,,,
2286,,,,유구읍,,,,,,,,,,,,,
2287,,,,유달동,,,,,,,,,,,,,
2288,,,,유덕동,,,,,,,,,,,,,
2289,,,,유등면,,,,,,,,,,,,,
2290,,,,유림동,,,,,,,,,,,,,
2291,,,,유림면,,,,,,,,,,,,,
2292,,,,유어면,,,,,,,,,,,,,
2293,,,,유천1동,,,,,,,,,,,,,
2294,,,,유천2동,,,,,,,,,,,,,
2295,,,,유천면,,,,,,,,,,,,,
2296,,,,유치면,,,,,,,,,,,,,
2297,,,,율곡동,,,,,,,,,,,,,
2298,,,,율곡면,,,,,,,,,,,,,
2299,,,,율량.사천동,,,,,,,,,,,,,
2300,,,,율면,,,,,,,,,,,,,
2301,,,,율목동,,,,,,,,,,,,,
2302,,,,율어면,,,,,,,,,,,,,
2303,,,,율천동,,,,,,,,,,,,,
2304,,,,율촌면,,,,,,,,,,,,,
2305,,,,은산면,,,,,,,,,,,,,
2306,,,,은진면,,,,,,,,,,,,,
2307,,,,은척면,,,,,,,,,,,,,
2308,,,,은천동,,,,,,,,,,,,,
2309,,,,은풍면,,,,,,,,,,,,,
2310,,,,은하면,,,,,,,,,,,,,
2311,,,,은행1동,,,,,,,,,,,,,
2312,,,,은행2동,,,,,,,,,,,,,
2313,,,,은행동,,,,,,,,,,,,,
2314,,,,은행선화동,,,,,,,,,,,,,
2315,,,,은현면,,,,,,,,,,,,,
2316,,,,을지로동,,,,,,,,,,,,,
2317,,,,음봉면,,,,,,,,,,,,,
2318,,,,음성읍,,,,,,,,,,,,,
2319,,,,음암면,,,,,,,,,,,,,
2320,,,,읍내동,,,,,,,,,,,,,
2321,,,,응봉동,,,,,,,,,,,,,
2322,,,,응봉면,,,,,,,,,,,,,
2323,,,,응암제1동,,,,,,,,,,,,,
2324,,,,응암제2동,,,,,,,,,,,,,
2325,,,,응암제3동,,,,,,,,,,,,,
2326,,,,의당면,,,,,,,,,,,,,
2327,,,,의령읍,,,,,,,,,,,,,
2328,,,,의림지동,,,,,,,,,,,,,
2329,,,,의성읍,,,,,,,,,,,,,
2330,,,,의신면,,,,,,,,,,,,,
2331,,,,의정부1동,,,,,,,,,,,,,
2332,,,,의정부2동,,,,,,,,,,,,,
2333,,,,의창동,,,,,,,,,,,,,
2334,,,,의흥면,,,,,,,,,,,,,
2335,,,,이곡1동,,,,,,,,,,,,,
2336,,,,이곡2동,,,,,,,,,,,,,
2337,,,,이도1동,,,,,,,,,,,,,
2338,,,,이도2동,,,,,,,,,,,,,
2339,,,,이동,,,,,,,,,,,,,
2340,,,,이동면,,,,,,,,,,,,,
2341,,,,이동읍,,,,,,,,,,,,,
2342,,,,이로동,,,,,,,,,,,,,
2343,,,,이매1동,,,,,,,,,,,,,
2344,,,,이매2동,,,,,,,,,,,,,
2345,,,,이문제1동,,,,,,,,,,,,,
2346,,,,이문제2동,,,,,,,,,,,,,
2347,,,,이반성면,,,,,,,,,,,,,
2348,,,,이방면,,,,,,,,,,,,,
2349,,,,이백면,,,,,,,,,,,,,
2350,,,,이산면,,,,,,,,,,,,,
2351,,,,이서면,,,,,,,,,,,,,
2352,,,,이안면,,,,,,,,,,,,,
2353,,,,이양면,,,,,,,,,,,,,
2354,,,,이원면,,,,,,,,,,,,,
2355,,,,이월면,,,,,,,,,,,,,
2356,,,,이인면,,,,,,,,,,,,,
2357,,,,이창동,,,,,,,,,,,,,
2358,,,,이천동,,,,,,,,,,,,,
2359,,,,이촌제1동,,,,,,,,,,,,,
2360,,,,이촌제2동,,,,,,,,,,,,,
2361,,,,이태원제1동,,,,,,,,,,,,,
2362,,,,이태원제2동,,,,,,,,,,,,,
2363,,,,이평면,,,,,,,,,,,,,
2364,,,,이현동,,,,,,,,,,,,,
2365,,,,이호동,,,,,,,,,,,,,
2366,,,,이화동,,,,,,,,,,,,,
2367,,,,인계동,,,,,,,,,,,,,
2368,,,,인계면,,,,,,,,,,,,,
2369,,,,인동동,,,,,,,,,,,,,
2370,,,,인수동,,,,,,,,,,,,,
2371,,,,인월면,,,,,,,,,,,,,
2372,,,,인제읍,,,,,,,,,,,,,
2373,,,,인주면,,,,,,,,,,,,,
2374,,,,인지면,,,,,,,,,,,,,
2375,,,,인창동,,,,,,,,,,,,,
2376,,,,인헌동,,,,,,,,,,,,,
2377,,,,인화동,,,,,,,,,,,,,
2378,,,,인후1동,,,,,,,,,,,,,
2379,,,,인후2동,,,,,,,,,,,,,
2380,,,,인후3동,,,,,,,,,,,,,
2381,,,,일곡동,,,,,,,,,,,,,
2382,,,,일광면,,,,,,,,,,,,,
2383,,,,일도1동,,,,,,,,,,,,,
2384,,,,일도2동,,,,,,,,,,,,,
2385,,,,일동,,,,,,,,,,,,,
2386,,,,일동면,,,,,,,,,,,,,
2387,,,,일로읍,,,,,,,,,,,,,
2388,,,,일반성면,,,,,,,,,,,,,
2389,,,,일봉동,,,,,,,,,,,,,
2390,,,,일산1동,,,,,,,,,,,,,
2391,,,,일산2동,,,,,,,,,,,,,
2392,,,,일산3동,,,,,,,,,,,,,
2393,,,,일산동,,,,,,,,,,,,,
2394,,,,일신동,,,,,,,,,,,,,
2395,,,,일운면,,,,,,,,,,,,,
2396,,,,일원1동,,,,,,,,,,,,,
2397,,,,일원2동,,,,,,,,,,,,,
2398,,,,일원본동,,,,,,,,,,,,,
2399,,,,일월면,,,,,,,,,,,,,
2400,,,,일죽면,,,,,,,,,,,,,
2401,,,,일직면,,,,,,,,,,,,,
2402,,,,임계면,,,,,,,,,,,,,
2403,,,,임고면,,,,,,,,,,,,,
2404,,,,임곡동,,,,,,,,,,,,,
2405,,,,임남면,,,,,,,,,,,,,
2406,,,,임동,,,,,,,,,,,,,
2407,,,,임동면,,,,,,,,,,,,,
2408,,,,임실읍,,,,,,,,,,,,,
2409,,,,임오동,,,,,,,,,,,,,
2410,,,,임자면,,,,,,,,,,,,,
2411,,,,임천면,,,,,,,,,,,,,
2412,,,,임피면,,,,,,,,,,,,,
2413,,,,임하면,,,,,,,,,,,,,
2414,,,,임회면,,,,,,,,,,,,,
2415,,,,입면,,,,,,,,,,,,,
2416,,,,입북동,,,,,,,,,,,,,
2417,,,,입암면,,,,,,,,,,,,,
2418,,,,입장면,,,,,,,,,,,,,
2419,,,,자금동,,,,,,,,,,,,,
2420,,,,자산동,,,,,,,,,,,,,
2421,,,,자양동,,,,,,,,,,,,,
2422,,,,자양면,,,,,,,,,,,,,
2423,,,,자양제1동,,,,,,,,,,,,,
2424,,,,자양제2동,,,,,,,,,,,,,
2425,,,,자양제3동,,,,,,,,,,,,,
2426,,,,자양제4동,,,,,,,,,,,,,
2427,,,,자월면,,,,,,,,,,,,,
2428,,,,자은동,,,,,,,,,,,,,
2429,,,,자은면,,,,,,,,,,,,,
2430,,,,자인면,,,,,,,,,,,,,
2431,,,,작전1동,,,,,,,,,,,,,
2432,,,,작전2동,,,,,,,,,,,,,
2433,,,,작전서운동,,,,,,,,,,,,,
2434,,,,작천면,,,,,,,,,,,,,
2435,,,,잠실2동,,,,,,,,,,,,,
2436,,,,잠실3동,,,,,,,,,,,,,
2437,,,,잠실4동,,,,,,,,,,,,,
2438,,,,잠실6동,,,,,,,,,,,,,
2439,,,,잠실7동,,,,,,,,,,,,,
2440,,,,잠실본동,,,,,,,,,,,,,
2441,,,,잠원동,,,,,,,,,,,,,
2442,,,,장계면,,,,,,,,,,,,,
2443,,,,장곡동,,,,,,,,,,,,,
2444,,,,장곡면,,,,,,,,,,,,,
2445,,,,장군면,,,,,,,,,,,,,
2446,,,,장기동,,,,,,,,,,,,,
2447,,,,장기면,,,,,,,,,,,,,
2448,,,,장기본동,,,,,,,,,,,,,
2449,,,,장남면,,,,,,,,,,,,,
2450,,,,장단면,,,,,,,,,,,,,
2451,,,,장동면,,,,,,,,,,,,,
2452,,,,장량동,,,,,,,,,,,,,
2453,,,,장림제1동,,,,,,,,,,,,,
2454,,,,장림제2동,,,,,,,,,,,,,
2455,,,,장마면,,,,,,,,,,,,,
2456,,,,장명동,,,,,,,,,,,,,
2457,,,,장목면,,,,,,,,,,,,,
2458,,,,장산면,,,,,,,,,,,,,
2459,,,,장성동,,,,,,,,,,,,,
2460,,,,장성읍,,,,,,,,,,,,,
2461,,,,장수면,,,,,,,,,,,,,
2462,,,,장수서창동,,,,,,,,,,,,,
2463,,,,장수읍,,,,,,,,,,,,,
2464,,,,장승포동,,,,,,,,,,,,,
2465,,,,장안면,,,,,,,,,,,,,
2466,,,,장안읍,,,,,,,,,,,,,
2467,,,,장안제1동,,,,,,,,,,,,,
2468,,,,장안제2동,,,,,,,,,,,,,
2469,,,,장암동,,,,,,,,,,,,,
2470,,,,장암면,,,,,,,,,,,,,
2471,,,,장연면,,,,,,,,,,,,,
2472,,,,장위제1동,,,,,,,,,,,,,
2473,,,,장위제2동,,,,,,,,,,,,,
2474,,,,장위제3동,,,,,,,,,,,,,
2475,,,,장유1동,,,,,,,,,,,,,
2476,,,,장유2동,,,,,,,,,,,,,
2477,,,,장유3동,,,,,,,,,,,,,
2478,,,,장전제1동,,,,,,,,,,,,,
2479,,,,장전제2동,,,,,,,,,,,,,
2480,,,,장지동,,,,,,,,,,,,,
2481,,,,장천동,,,,,,,,,,,,,
2482,,,,장천면,,,,,,,,,,,,,
2483,,,,장충동,,,,,,,,,,,,,
2484,,,,장평동,,,,,,,,,,,,,
2485,,,,장평면,,,,,,,,,,,,,
2486,,,,장항1동,,,,,,,,,,,,,
2487,,,,장항2동,,,,,,,,,,,,,
2488,,,,장항읍,,,,,,,,,,,,,
2489,,,,장호원읍,,,,,,,,,,,,,
2490,,,,장흥면,,,,,,,,,,,,,
2491,,,,장흥읍,,,,,,,,,,,,,
2492,,,,재궁동,,,,,,,,,,,,,
2493,,,,재산면,,,,,,,,,,,,,
2494,,,,재송제1동,,,,,,,,,,,,,
2495,,,,재송제2동,,,,,,,,,,,,,
2496,,,,저전동,,,,,,,,,,,,,
2497,,,,적량면,,,,,,,,,,,,,
2498,,,,적상면,,,,,,,,,,,,,
2499,,,,적성면,,,,,,,,,,,,,
2500,,,,적중면,,,,,,,,,,,,,
2501,,,,전곡읍,,,,,,,,,,,,,
2502,,,,전농제1동,,,,,,,,,,,,,
2503,,,,전농제2동,,,,,,,,,,,,,
2504,,,,전동면,,,,,,,,,,,,,
2505,,,,전민동,,,,,,,,,,,,,
2506,,,,전의면,,,,,,,,,,,,,
2507,,,,전포제1동,,,,,,,,,,,,,
2508,,,,전포제2동,,,,,,,,,,,,,
2509,,,,전하1동,,,,,,,,,,,,,
2510,,,,전하2동,,,,,,,,,,,,,
2511,,,,점곡면,,,,,,,,,,,,,
2512,,,,점동면,,,,,,,,,,,,,
2513,,,,점암면,,,,,,,,,,,,,
2514,,,,점촌1동,,,,,,,,,,,,,
2515,,,,점촌2동,,,,,,,,,,,,,
2516,,,,점촌3동,,,,,,,,,,,,,
2517,,,,점촌4동,,,,,,,,,,,,,
2518,,,,점촌5동,,,,,,,,,,,,,
2519,,,,정곡면,,,,,,,,,,,,,
2520,,,,정관읍,,,,,,,,,,,,,
2521,,,,정남면,,,,,,,,,,,,,
2522,,,,정동면,,,,,,,,,,,,,
2523,,,,정라동,,,,,,,,,,,,,
2524,,,,정량동,,,,,,,,,,,,,
2525,,,,정릉제1동,,,,,,,,,,,,,
2526,,,,정릉제2동,,,,,,,,,,,,,
2527,,,,정릉제3동,,,,,,,,,,,,,
2528,,,,정릉제4동,,,,,,,,,,,,,
2529,,,,정림동,,,,,,,,,,,,,
2530,,,,정미면,,,,,,,,,,,,,
2531,,,,정발산동,,,,,,,,,,,,,
2532,,,,정방동,,,,,,,,,,,,,
2533,,,,정산면,,,,,,,,,,,,,
2534,,,,정선읍,,,,,,,,,,,,,
2535,,,,정안면,,,,,,,,,,,,,
2536,,,,정왕1동,,,,,,,,,,,,,
2537,,,,정왕2동,,,,,,,,,,,,,
2538,,,,정왕3동,,,,,,,,,,,,,
2539,,,,정왕4동,,,,,,,,,,,,,
2540,,,,정왕본동,,,,,,,,,,,,,
2541,,,,정우면,,,,,,,,,,,,,
2542,,,,정자1동,,,,,,,,,,,,,
2543,,,,정자2동,,,,,,,,,,,,,
2544,,,,정자3동,,,,,,,,,,,,,
2545,,,,정자동,,,,,,,,,,,,,
2546,,,,정천면,,,,,,,,,,,,,
2547,,,,정촌면,,,,,,,,,,,,,
2548,,,,제기동,,,,,,,,,,,,,
2549,,,,제원면,,,,,,,,,,,,,
2550,,,,제철동,,,,,,,,,,,,,
2551,,,,조곡동,,,,,,,,,,,,,
2552,,,,조도면,,,,,,,,,,,,,
2553,,,,조리읍,,,,,,,,,,,,,
2554,,,,조마면,,,,,,,,,,,,,
2555,,,,조성면,,,,,,,,,,,,,
2556,,,,조안면,,,,,,,,,,,,,
2557,,,,조양동,,,,,,,,,,,,,
2558,,,,조운동,,,,,,,,,,,,,
2559,,,,조원1동,,,,,,,,,,,,,
2560,,,,조원2동,,,,,,,,,,,,,
2561,,,,조원동,,,,,,,,,,,,,
2562,,,,조종면,,,,,,,,,,,,,
2563,,,,조천읍,,,,,,,,,,,,,
2564,,,,조촌동,,,,,,,,,,,,,
2565,,,,조치원읍,,,,,,,,,,,,,
2566,,,,종로1.2.3.4가동,,,,,,,,,,,,,
2567,,,,종로5.6가동,,,,,,,,,,,,,
2568,,,,종암동,,,,,,,,,,,,,
2569,,,,종천면,,,,,,,,,,,,,
2570,,,,종촌동,,,,,,,,,,,,,
2571,,,,좌제1동,,,,,,,,,,,,,
2572,,,,좌제2동,,,,,,,,,,,,,
2573,,,,좌제3동,,,,,,,,,,,,,
2574,,,,좌제4동,,,,,,,,,,,,,
2575,,,,좌천동,,,,,,,,,,,,,
2576,,,,주교동,,,,,,,,,,,,,
2577,,,,주교면,,,,,,,,,,,,,
2578,,,,주덕읍,,,,,,,,,,,,,
2579,,,,주례제1동,,,,,,,,,,,,,
2580,,,,주례제2동,,,,,,,,,,,,,
2581,,,,주례제3동,,,,,,,,,,,,,
2582,,,,주문진읍,,,,,,,,,,,,,
2583,,,,주산면,,,,,,,,,,,,,
2584,,,,주삼동,,,,,,,,,,,,,
2585,,,,주상면,,,,,,,,,,,,,
2586,,,,주생면,,,,,,,,,,,,,
2587,,,,주안1동,,,,,,,,,,,,,
2588,,,,주안2동,,,,,,,,,,,,,
2589,,,,주안3동,,,,,,,,,,,,,
2590,,,,주안4동,,,,,,,,,,,,,
2591,,,,주안5동,,,,,,,,,,,,,
2592,,,,주안6동,,,,,,,,,,,,,
2593,,,,주안7동,,,,,,,,,,,,,
2594,,,,주안8동,,,,,,,,,,,,,
2595,,,,주암면,,,,,,,,,,,,,
2596,,,,주엽1동,,,,,,,,,,,,,
2597,,,,주엽2동,,,,,,,,,,,,,
2598,,,,주왕산면,,,,,,,,,,,,,
2599,,,,주월1동,,,,,,,,,,,,,
2600,,,,주월2동,,,,,,,,,,,,,
2601,,,,주천면,,,,,,,,,,,,,
2602,,,,주촌면,,,,,,,,,,,,,
2603,,,,주포면,,,,,,,,,,,,,
2604,,,,죽곡면,,,,,,,,,,,,,
2605,,,,죽교동,,,,,,,,,,,,,
2606,,,,죽도동,,,,,,,,,,,,,
2607,,,,죽변면,,,,,,,,,,,,,
2608,,,,죽산면,,,,,,,,,,,,,
2609,,,,죽왕면,,,,,,,,,,,,,
2610,,,,죽장면,,,,,,,,,,,,,
2611,,,,죽전1동,,,,,,,,,,,,,
2612,,,,죽전2동,,,,,,,,,,,,,
2613,,,,죽전동,,,,,,,,,,,,,
2614,,,,죽항동,,,,,,,,,,,,,
2615,,,,줄포면,,,,,,,,,,,,,
2616,,,,중계1동,,,,,,,,,,,,,
2617,,,,중계2.3동,,,,,,,,,,,,,
2618,,,,중계4동,,,,,,,,,,,,,
2619,,,,중계본동,,,,,,,,,,,,,
2620,,,,중곡제1동,,,,,,,,,,,,,
2621,,,,중곡제2동,,,,,,,,,,,,,
2622,,,,중곡제3동,,,,,,,,,,,,,
2623,,,,중곡제4동,,,,,,,,,,,,,
2624,,,,중구동,,,,,,,,,,,,,
2625,,,,중동,,,,,,,,,,,,,
2626,,,,중동면,,,,,,,,,,,,,
2627,,,,중리동,,,,,,,,,,,,,
2628,,,,중림동,,,,,,,,,,,,,
2629,,,,중마동,,,,,,,,,,,,,
2630,,,,중면,,,,,,,,,,,,,
2631,,,,중문동,,,,,,,,,,,,,
2632,,,,중방동,,,,,,,,,,,,,
2633,,,,중부동,,,,,,,,,,,,,
2634,,,,중산동,,,,,,,,,,,,,
2635,,,,중앙동,,,,,,,,,,,,,
2636,,,,중앙탑면,,,,,,,,,,,,,
2637,,,,중제1동,,,,,,,,,,,,,
2638,,,,중제2동,,,,,,,,,,,,,
2639,,,,중촌동,,,,,,,,,,,,,
2640,,,,중학동,,,,,,,,,,,,,
2641,,,,중화산1동,,,,,,,,,,,,,
2642,,,,중화산2동,,,,,,,,,,,,,
2643,,,,중화제1동,,,,,,,,,,,,,
2644,,,,중화제2동,,,,,,,,,,,,,
2645,,,,중흥1동,,,,,,,,,,,,,
2646,,,,중흥2동,,,,,,,,,,,,,
2647,,,,중흥3동,,,,,,,,,,,,,
2648,,,,증도면,,,,,,,,,,,,,
2649,,,,증산동,,,,,,,,,,,,,
2650,,,,증산면,,,,,,,,,,,,,
2651,,,,증평읍,,,,,,,,,,,,,
2652,,,,증포동,,,,,,,,,,,,,
2653,,,,지곡면,,,,,,,,,,,,,
2654,,,,지도읍,,,,,,,,,,,,,
2655,,,,지동,,,,,,,,,,,,,
2656,,,,지례면,,,,,,,,,,,,,
2657,,,,지보면,,,,,,,,,,,,,
2658,,,,지사면,,,,,,,,,,,,,
2659,,,,지산1동,,,,,,,,,,,,,
2660,,,,지산2동,,,,,,,,,,,,,
2661,,,,지산동,,,,,,,,,,,,,
2662,,,,지산면,,,,,,,,,,,,,
2663,,,,지수면,,,,,,,,,,,,,
2664,,,,지원1동,,,,,,,,,,,,,
2665,,,,지원2동,,,,,,,,,,,,,
2666,,,,지저동,,,,,,,,,,,,,
2667,,,,지정면,,,,,,,,,,,,,
2668,,,,지좌동,,,,,,,,,,,,,
2669,,,,지천면,,,,,,,,,,,,,
2670,,,,지평면,,,,,,,,,,,,,
2671,,,,지품면,,,,,,,,,,,,,
2672,,,,지현동,,,,,,,,,,,,,
2673,,,,직산읍,,,,,,,,,,,,,
2674,,,,진건읍,,,,,,,,,,,,,
2675,,,,진관동,,,,,,,,,,,,,
2676,,,,진교면,,,,,,,,,,,,,
2677,,,,진도읍,,,,,,,,,,,,,
2678,,,,진동면,,,,,,,,,,,,,
2679,,,,진량읍,,,,,,,,,,,,,
2680,,,,진례면,,,,,,,,,,,,,
2681,,,,진미동,,,,,,,,,,,,,
2682,,,,진보면,,,,,,,,,,,,,
2683,,,,진봉면,,,,,,,,,,,,,
2684,,,,진부면,,,,,,,,,,,,,
2685,,,,진북동,,,,,,,,,,,,,
2686,,,,진북면,,,,,,,,,,,,,
2687,,,,진산면,,,,,,,,,,,,,
2688,,,,진상면,,,,,,,,,,,,,
2689,,,,진서면,,,,,,,,,,,,,
2690,,,,진성면,,,,,,,,,,,,,
2691,,,,진안동,,,,,,,,,,,,,
2692,,,,진안읍,,,,,,,,,,,,,
2693,,,,진영읍,,,,,,,,,,,,,
2694,,,,진원면,,,,,,,,,,,,,
2695,,,,진월면,,,,,,,,,,,,,
2696,,,,진위면,,,,,,,,,,,,,
2697,,,,진잠동,,,,,,,,,,,,,
2698,,,,진전면,,,,,,,,,,,,,
2699,,,,진접읍,,,,,,,,,,,,,
2700,,,,진천동,,,,,,,,,,,,,
2701,,,,진천읍,,,,,,,,,,,,,
2702,,,,집현면,,,,,,,,,,,,,
2703,,,,차황면,,,,,,,,,,,,,
2704,,,,창녕읍,,,,,,,,,,,,,
2705,,,,창릉동,,,,,,,,,,,,,
2706,,,,창선면,,,,,,,,,,,,,
2707,,,,창수면,,,,,,,,,,,,,
2708,,,,창신제1동,,,,,,,,,,,,,
2709,,,,창신제2동,,,,,,,,,,,,,
2710,,,,창신제3동,,,,,,,,,,,,,
2711,,,,창전동,,,,,,,,,,,,,
2712,,,,창제1동,,,,,,,,,,,,,
2713,,,,창제2동,,,,,,,,,,,,,
2714,,,,창제3동,,,,,,,,,,,,,
2715,,,,창제4동,,,,,,,,,,,,,
2716,,,,창제5동,,,,,,,,,,,,,
2717,,,,창평면,,,,,,,,,,,,,
2718,,,,채운면,,,,,,,,,,,,,
2719,,,,천곡동,,,,,,,,,,,,,
2720,,,,천북면,,,,,,,,,,,,,
2721,,,,천연동,,,,,,,,,,,,,
2722,,,,천전동,,,,,,,,,,,,,
2723,,,,천지동,,,,,,,,,,,,,
2724,,,,천천면,,,,,,,,,,,,,
2725,,,,천현동,,,,,,,,,,,,,
2726,,,,천호제1동,,,,,,,,,,,,,
2727,,,,천호제2동,,,,,,,,,,,,,
2728,,,,천호제3동,,,,,,,,,,,,,
2729,,,,철마면,,,,,,,,,,,,,
2730,,,,철산1동,,,,,,,,,,,,,
2731,,,,철산2동,,,,,,,,,,,,,
2732,,,,철산3동,,,,,,,,,,,,,
2733,,,,철산4동,,,,,,,,,,,,,
2734,,,,철암동,,,,,,,,,,,,,
2735,,,,철원읍,,,,,,,,,,,,,
2736,,,,첨단1동,,,,,,,,,,,,,
2737,,,,첨단2동,,,,,,,,,,,,,
2738,,,,청계동,,,,,,,,,,,,,
2739,,,,청계면,,,,,,,,,,,,,
2740,,,,청구동,,,,,,,,,,,,,
2741,,,,청기면,,,,,,,,,,,,,
2742,,,,청남면,,,,,,,,,,,,,
2743,,,,청담동,,,,,,,,,,,,,
2744,,,,청덕면,,,,,,,,,,,,,
2745,,,,청도면,,,,,,,,,,,,,
2746,,,,청도읍,,,,,,,,,,,,,
2747,,,,청라1동,,,,,,,,,,,,,
2748,,,,청라2동,,,,,,,,,,,,,
2749,,,,청라3동,,,,,,,,,,,,,
2750,,,,청라면,,,,,,,,,,,,,
2751,,,,청량리동,,,,,,,,,,,,,
2752,,,,청량읍,,,,,,,,,,,,,
2753,,,,청룡노포동,,,,,,,,,,,,,
2754,,,,청룡동,,,,,,,,,,,,,
2755,,,,청리면,,,,,,,,,,,,,
2756,,,,청림동,,,,,,,,,,,,,
2757,,,,청북읍,,,,,,,,,,,,,
2758,,,,청산면,,,,,,,,,,,,,
2759,,,,청성면,,,,,,,,,,,,,
2760,,,,청소면,,,,,,,,,,,,,
2761,,,,청송읍,,,,,,,,,,,,,
2762,,,,청안면,,,,,,,,,,,,,
2763,,,,청암면,,,,,,,,,,,,,
2764,,,,청양읍,,,,,,,,,,,,,
2765,,,,청운면,,,,,,,,,,,,,
2766,,,,청운효자동,,,,,,,,,,,,,
2767,,,,청웅면,,,,,,,,,,,,,
2768,,,,청일면,,,,,,,,,,,,,
2769,,,,청전동,,,,,,,,,,,,,
2770,,,,청천1동,,,,,,,,,,,,,
2771,,,,청천2동,,,,,,,,,,,,,
2772,,,,청천면,,,,,,,,,,,,,
2773,,,,청통면,,,,,,,,,,,,,
2774,,,,청파동,,,,,,,,,,,,,
2775,,,,청평면,,,,,,,,,,,,,
2776,,,,청풍면,,,,,,,,,,,,,
2777,,,,청하면,,,,,,,,,,,,,
2778,,,,청학동,,,,,,,,,,,,,
2779,,,,청학제1동,,,,,,,,,,,,,
2780,,,,청학제2동,,,,,,,,,,,,,
2781,,,,청호동,,,,,,,,,,,,,
2782,,,,초계면,,,,,,,,,,,,,
2783,,,,초당동,,,,,,,,,,,,,
2784,,,,초동면,,,,,,,,,,,,,
2785,,,,초량제1동,,,,,,,,,,,,,
2786,,,,초량제2동,,,,,,,,,,,,,
2787,,,,초량제3동,,,,,,,,,,,,,
2788,,,,초량제6동,,,,,,,,,,,,,
2789,,,,초산동,,,,,,,,,,,,,
2790,,,,초월읍,,,,,,,,,,,,,
2791,,,,초읍동,,,,,,,,,,,,,
2792,,,,초이동,,,,,,,,,,,,,
2793,,,,초장동,,,,,,,,,,,,,
2794,,,,초전면,,,,,,,,,,,,,
2795,,,,초지동,,,,,,,,,,,,,
2796,,,,초촌면,,,,,,,,,,,,,
2797,,,,초평동,,,,,,,,,,,,,
2798,,,,초평면,,,,,,,,,,,,,
2799,,,,추부면,,,,,,,,,,,,,
2800,,,,추자면,,,,,,,,,,,,,
2801,,,,추풍령면,,,,,,,,,,,,,
2802,,,,축동면,,,,,,,,,,,,,
2803,,,,축산면,,,,,,,,,,,,,
2804,,,,춘궁동,,,,,,,,,,,,,
2805,,,,춘산면,,,,,,,,,,,,,
2806,,,,춘양면,,,,,,,,,,,,,
2807,,,,춘포면,,,,,,,,,,,,,
2808,,,,충무공동,,,,,,,,,,,,,
2809,,,,충무동,,,,,,,,,,,,,
2810,,,,충장동,,,,,,,,,,,,,
2811,,,,충현동,,,,,,,,,,,,,
2812,,,,충화면,,,,,,,,,,,,,
2813,,,,취암동,,,,,,,,,,,,,
2814,,,,치평동,,,,,,,,,,,,,
2815,,,,칠곡면,,,,,,,,,,,,,
2816,,,,칠금.금릉동,,,,,,,,,,,,,
2817,,,,칠량면,,,,,,,,,,,,,
2818,,,,칠보면,,,,,,,,,,,,,
2819,,,,칠북면,,,,,,,,,,,,,
2820,,,,칠산서부동,,,,,,,,,,,,,
2821,,,,칠서면,,,,,,,,,,,,,
2822,,,,칠성동,,,,,,,,,,,,,
2823,,,,칠성면,,,,,,,,,,,,,
2824,,,,칠원읍,,,,,,,,,,,,,
2825,,,,침산1동,,,,,,,,,,,,,
2826,,,,침산2동,,,,,,,,,,,,,
2827,,,,침산3동,,,,,,,,,,,,,
2828,,,,탄방동,,,,,,,,,,,,,
2829,,,,탄벌동,,,,,,,,,,,,,
2830,,,,탄부면,,,,,,,,,,,,,
2831,,,,탄천면,,,,,,,,,,,,,
2832,,,,탄현동,,,,,,,,,,,,,
2833,,,,탄현면,,,,,,,,,,,,,
2834,,,,탑대성동,,,,,,,,,,,,,
2835,,,,탕정면,,,,,,,,,,,,,
2836,,,,태백동,,,,,,,,,,,,,
2837,,,,태안읍,,,,,,,,,,,,,
2838,,,,태인동,,,,,,,,,,,,,
2839,,,,태인면,,,,,,,,,,,,,
2840,,,,태장1동,,,,,,,,,,,,,
2841,,,,태장2동,,,,,,,,,,,,,
2842,,,,태전1동,,,,,,,,,,,,,
2843,,,,태전2동,,,,,,,,,,,,,
2844,,,,태평1동,,,,,,,,,,,,,
2845,,,,태평2동,,,,,,,,,,,,,
2846,,,,태평3동,,,,,,,,,,,,,
2847,,,,태평4동,,,,,,,,,,,,,
2848,,,,태화동,,,,,,,,,,,,,
2849,,,,토성면,,,,,,,,,,,,,
2850,,,,토지면,,,,,,,,,,,,,
2851,,,,통복동,,,,,,,,,,,,,
2852,,,,통진읍,,,,,,,,,,,,,
2853,,,,퇴계동,,,,,,,,,,,,,
2854,,,,퇴계원읍,,,,,,,,,,,,,
2855,,,,퇴촌면,,,,,,,,,,,,,
2856,,,,파동,,,,,,,,,,,,,
2857,,,,파장동,,,,,,,,,,,,,
2858,,,,파주읍,,,,,,,,,,,,,
2859,,,,파천면,,,,,,,,,,,,,
2860,,,,파평면,,,,,,,,,,,,,
2861,,,,판교동,,,,,,,,,,,,,
2862,,,,판교면,,,,,,,,,,,,,
2863,,,,판문동,,,,,,,,,,,,,
2864,,,,판부면,,,,,,,,,,,,,
2865,,,,판암1동,,,,,,,,,,,,,
2866,,,,판암2동,,,,,,,,,,,,,
2867,,,,팔금면,,,,,,,,,,,,,
2868,,,,팔덕면,,,,,,,,,,,,,
2869,,,,팔룡동,,,,,,,,,,,,,
2870,,,,팔복동,,,,,,,,,,,,,
2871,,,,팔봉동,,,,,,,,,,,,,
2872,,,,팔봉면,,,,,,,,,,,,,
2873,,,,팔탄면,,,,,,,,,,,,,
2874,,,,팽성읍,,,,,,,,,,,,,
2875,,,,평거동,,,,,,,,,,,,,
2876,,,,평내동,,,,,,,,,,,,,
2877,,,,평동,,,,,,,,,,,,,
2878,,,,평리1동,,,,,,,,,,,,,
2879,,,,평리2동,,,,,,,,,,,,,
2880,,,,평리3동,,,,,,,,,,,,,
2881,,,,평리4동,,,,,,,,,,,,,
2882,,,,평리5동,,,,,,,,,,,,,
2883,,,,평리6동,,,,,,,,,,,,,
2884,,,,평산동,,,,,,,,,,,,,
2885,,,,평안동,,,,,,,,,,,,,
2886,,,,평은면,,,,,,,,,,,,,
2887,,,,평창동,,,,,,,,,,,,,
2888,,,,평창읍,,,,,,,,,,,,,
2889,,,,평촌동,,,,,,,,,,,,,
2890,,,,평해읍,,,,,,,,,,,,,
2891,,,,평화1동,,,,,,,,,,,,,
2892,,,,평화2동,,,,,,,,,,,,,
2893,,,,평화남산동,,,,,,,,,,,,,
2894,,,,평화동,,,,,,,,,,,,,
2895,,,,포곡읍,,,,,,,,,,,,,
2896,,,,포남1동,,,,,,,,,,,,,
2897,,,,포남2동,,,,,,,,,,,,,
2898,,,,포두면,,,,,,,,,,,,,
2899,,,,포승읍,,,,,,,,,,,,,
2900,,,,포천동,,,,,,,,,,,,,
2901,,,,표선면,,,,,,,,,,,,,
2902,,,,풍각면,,,,,,,,,,,,,
2903,,,,풍기읍,,,,,,,,,,,,,
2904,,,,풍남동,,,,,,,,,,,,,
2905,,,,풍납1동,,,,,,,,,,,,,
2906,,,,풍납2동,,,,,,,,,,,,,
2907,,,,풍덕동,,,,,,,,,,,,,
2908,,,,풍덕천1동,,,,,,,,,,,,,
2909,,,,풍덕천2동,,,,,,,,,,,,,
2910,,,,풍무동,,,,,,,,,,,,,
2911,,,,풍산동,,,,,,,,,,,,,
2912,,,,풍산면,,,,,,,,,,,,,
2913,,,,풍산읍,,,,,,,,,,,,,
2914,,,,풍세면,,,,,,,,,,,,,
2915,,,,풍암동,,,,,,,,,,,,,
2916,,,,풍양면,,,,,,,,,,,,,
2917,,,,풍천면,,,,,,,,,,,,,
2918,,,,풍향동,,,,,,,,,,,,,
2919,,,,풍호동,,,,,,,,,,,,,
2920,,,,필동,,,,,,,,,,,,,
2921,,,,하계1동,,,,,,,,,,,,,
2922,,,,하계2동,,,,,,,,,,,,,
2923,,,,하남동,,,,,,,,,,,,,
2924,,,,하남면,,,,,,,,,,,,,
2925,,,,하남읍,,,,,,,,,,,,,
2926,,,,하단제1동,,,,,,,,,,,,,
2927,,,,하단제2동,,,,,,,,,,,,,
2928,,,,하당동,,,,,,,,,,,,,
2929,,,,하대동,,,,,,,,,,,,,
2930,,,,하대원동,,,,,,,,,,,,,
2931,,,,하동읍,,,,,,,,,,,,,
2932,,,,하망동,,,,,,,,,,,,,
2933,,,,하북면,,,,,,,,,,,,,
2934,,,,하빈면,,,,,,,,,,,,,
2935,,,,하서면,,,,,,,,,,,,,
2936,,,,하성면,,,,,,,,,,,,,
2937,,,,하안1동,,,,,,,,,,,,,
2938,,,,하안2동,,,,,,,,,,,,,
2939,,,,하안3동,,,,,,,,,,,,,
2940,,,,하안4동,,,,,,,,,,,,,
2941,,,,하양읍,,,,,,,,,,,,,
2942,,,,하의면,,,,,,,,,,,,,
2943,,,,하이면,,,,,,,,,,,,,
2944,,,,하일면,,,,,,,,,,,,,
2945,,,,하장면,,,,,,,,,,,,,
2946,,,,하점면,,,,,,,,,,,,,
2947,,,,하청면,,,,,,,,,,,,,
2948,,,,학교면,,,,,,,,,,,,,
2949,,,,학동,,,,,,,,,,,,,
2950,,,,학산면,,,,,,,,,,,,,
2951,,,,학성동,,,,,,,,,,,,,
2952,,,,학온동,,,,,,,,,,,,,
2953,,,,학운동,,,,,,,,,,,,,
2954,,,,학익1동,,,,,,,,,,,,,
2955,,,,학익2동,,,,,,,,,,,,,
2956,,,,학장동,,,,,,,,,,,,,
2957,,,,한강로동,,,,,,,,,,,,,
2958,,,,한경면,,,,,,,,,,,,,
2959,,,,한남동,,,,,,,,,,,,,
2960,,,,한려동,,,,,,,,,,,,,
2961,,,,한림면,,,,,,,,,,,,,
2962,,,,한림읍,,,,,,,,,,,,,
2963,,,,한반도면,,,,,,,,,,,,,
2964,,,,한산면,,,,,,,,,,,,,
2965,,,,한솔동,,,,,,,,,,,,,
2966,,,,한수면,,,,,,,,,,,,,
2967,,,,한천면,,,,,,,,,,,,,
2968,,,,함라면,,,,,,,,,,,,,
2969,,,,함안면,,,,,,,,,,,,,
2970,,,,함양읍,,,,,,,,,,,,,
2971,,,,함열읍,,,,,,,,,,,,,
2972,,,,함창읍,,,,,,,,,,,,,
2973,,,,함평읍,,,,,,,,,,,,,
2974,,,,합덕읍,,,,,,,,,,,,,
2975,,,,합성1동,,,,,,,,,,,,,
2976,,,,합성2동,,,,,,,,,,,,,
2977,,,,합정동,,,,,,,,,,,,,
2978,,,,합천읍,,,,,,,,,,,,,
2979,,,,합포동,,,,,,,,,,,,,
2980,,,,항동,,,,,,,,,,,,,
2981,,,,해남읍,,,,,,,,,,,,,
2982,,,,해도동,,,,,,,,,,,,,
2983,,,,해룡면,,,,,,,,,,,,,
2984,,,,해리면,,,,,,,,,,,,,
2985,,,,해미면,,,,,,,,,,,,,
2986,,,,해보면,,,,,,,,,,,,,
2987,,,,해신동,,,,,,,,,,,,,
2988,,,,해안동,,,,,,,,,,,,,
2989,,,,해안면,,,,,,,,,,,,,
2990,,,,해양동,,,,,,,,,,,,,
2991,,,,해제면,,,,,,,,,,,,,
2992,,,,해평면,,,,,,,,,,,,,
2993,,,,행구동,,,,,,,,,,,,,
2994,,,,행궁동,,,,,,,,,,,,,
2995,,,,행당제1동,,,,,,,,,,,,,
2996,,,,행당제2동,,,,,,,,,,,,,
2997,,,,행신1동,,,,,,,,,,,,,
2998,,,,행신2동,,,,,,,,,,,,,
2999,,,,행신3동,,,,,,,,,,,,,
3000,,,,행안면,,,,,,,,,,,,,
3001,,,,행운동,,,,,,,,,,,,,
3002,,,,행주동,,,,,,,,,,,,,
3003,,,,향교동,,,,,,,,,,,,,
3004,,,,향남읍,,,,,,,,,,,,,
3005,,,,향동,,,,,,,,,,,,,
3006,,,,향촌동,,,,,,,,,,,,,
3007,,,,혁신동,,,,,,,,,,,,,
3008,,,,현경면,,,,,,,,,,,,,
3009,,,,현곡면,,,,,,,,,,,,,
3010,,,,현남면,,,,,,,,,,,,,
3011,,,,현내면,,,,,,,,,,,,,
3012,,,,현덕면,,,,,,,,,,,,,
3013,,,,현도면,,,,,,,,,,,,,
3014,,,,현동,,,,,,,,,,,,,
3015,,,,현동면,,,,,,,,,,,,,
3016,,,,현북면,,,,,,,,,,,,,
3017,,,,현산면,,,,,,,,,,,,,
3018,,,,현서면,,,,,,,,,,,,,
3019,,,,현풍읍,,,,,,,,,,,,,
3020,,,,형곡1동,,,,,,,,,,,,,
3021,,,,형곡2동,,,,,,,,,,,,,
3022,,,,혜화동,,,,,,,,,,,,,
3023,,,,호계1동,,,,,,,,,,,,,
3024,,,,호계2동,,,,,,,,,,,,,
3025,,,,호계3동,,,,,,,,,,,,,
3026,,,,호계면,,,,,,,,,,,,,
3027,,,,호매실동,,,,,,,,,,,,,
3028,,,,호명면,,,,,,,,,,,,,
3029,,,,호미곶면,,,,,,,,,,,,,
3030,,,,호법면,,,,,,,,,,,,,
3031,,,,호성동,,,,,,,,,,,,,
3032,,,,호수동,,,,,,,,,,,,,
3033,,,,호암.직동,,,,,,,,,,,,,
3034,,,,호원1동,,,,,,,,,,,,,
3035,,,,호원2동,,,,,,,,,,,,,
3036,,,,호저면,,,,,,,,,,,,,
3037,,,,호평동,,,,,,,,,,,,,
3038,,,,홍농읍,,,,,,,,,,,,,
3039,,,,홍도동,,,,,,,,,,,,,
3040,,,,홍동면,,,,,,,,,,,,,
3041,,,,홍북읍,,,,,,,,,,,,,
3042,,,,홍산면,,,,,,,,,,,,,
3043,,,,홍성읍,,,,,,,,,,,,,
3044,,,,홍은제1동,,,,,,,,,,,,,
3045,,,,홍은제2동,,,,,,,,,,,,,
3046,,,,홍제동,,,,,,,,,,,,,
3047,,,,홍제제1동,,,,,,,,,,,,,
3048,,,,홍제제2동,,,,,,,,,,,,,
3049,,,,홍제제3동,,,,,,,,,,,,,
3050,,,,홍천읍,,,,,,,,,,,,,
3051,,,,화개면,,,,,,,,,,,,,
3052,,,,화곡본동,,,,,,,,,,,,,
3053,,,,화곡제1동,,,,,,,,,,,,,
3054,,,,화곡제2동,,,,,,,,,,,,,
3055,,,,화곡제3동,,,,,,,,,,,,,
3056,,,,화곡제4동,,,,,,,,,,,,,
3057,,,,화곡제6동,,,,,,,,,,,,,
3058,,,,화곡제8동,,,,,,,,,,,,,
3059,,,,화남면,,,,,,,,,,,,,
3060,,,,화도면,,,,,,,,,,,,,
3061,,,,화도읍,,,,,,,,,,,,,
3062,,,,화동면,,,,,,,,,,,,,
3063,,,,화명제1동,,,,,,,,,,,,,
3064,,,,화명제2동,,,,,,,,,,,,,
3065,,,,화명제3동,,,,,,,,,,,,,
3066,,,,화북동,,,,,,,,,,,,,
3067,,,,화북면,,,,,,,,,,,,,
3068,,,,화산동,,,,,,,,,,,,,
3069,,,,화산면,,,,,,,,,,,,,
3070,,,,화서1동,,,,,,,,,,,,,
3071,,,,화서2동,,,,,,,,,,,,,
3072,,,,화서면,,,,,,,,,,,,,
3073,,,,화성면,,,,,,,,,,,,,
3074,,,,화수1.화평동,,,,,,,,,,,,,
3075,,,,화수2동,,,,,,,,,,,,,
3076,,,,화순읍,,,,,,,,,,,,,
3077,,,,화암면,,,,,,,,,,,,,
3078,,,,화양동,,,,,,,,,,,,,
3079,,,,화양면,,,,,,,,,,,,,
3080,,,,화양읍,,,,,,,,,,,,,
3081,,,,화원면,,,,,,,,,,,,,
3082,,,,화원읍,,,,,,,,,,,,,
3083,,,,화전동,,,,,,,,,,,,,
3084,,,,화정1동,,,,,,,,,,,,,
3085,,,,화정2동,,,,,,,,,,,,,
3086,,,,화정3동,,,,,,,,,,,,,
3087,,,,화정4동,,,,,,,,,,,,,
3088,,,,화정동,,,,,,,,,,,,,
3089,,,,화정면,,,,,,,,,,,,,
3090,,,,화천읍,,,,,,,,,,,,,
3091,,,,화촌면,,,,,,,,,,,,,
3092,,,,화현면,,,,,,,,,,,,,
3093,,,,환여동,,,,,,,,,,,,,
3094,,,,활천동,,,,,,,,,,,,,
3095,,,,황간면,,,,,,,,,,,,,
3096,,,,황금1동,,,,,,,,,,,,,
3097,,,,황금2동,,,,,,,,,,,,,
3098,,,,황남동,,,,,,,,,,,,,
3099,,,,황등면,,,,,,,,,,,,,
3100,,,,황룡면,,,,,,,,,,,,,
3101,,,,황산면,,,,,,,,,,,,,
3102,,,,황성동,,,,,,,,,,,,,
3103,,,,황연동,,,,,,,,,,,,,
3104,,,,황오동,,,,,,,,,,,,,
3105,,,,황전면,,,,,,,,,,,,,
3106,,,,황지동,,,,,,,,,,,,,
3107,,,,황학동,,,,,,,,,,,,,
3108,,,,회기동,,,,,,,,,,,,,
3109,,,,회남면,,,,,,,,,,,,,
3110,,,,회덕동,,,,,,,,,,,,,
3111,,,,회성동,,,,,,,,,,,,,
3112,,,,회원1동,,,,,,,,,,,,,
3113,,,,회원2동,,,,,,,,,,,,,
3114,,,,회인면,,,,,,,,,,,,,
3115,,,,회진면,,,,,,,,,,,,,
3116,,,,회천1동,,,,,,,,,,,,,
3117,,,,회천2동,,,,,,,,,,,,,
3118,,,,회천3동,,,,,,,,,,,,,
3119,,,,회천4동,,,,,,,,,,,,,
3120,,,,회천면,,,,,,,,,,,,,
3121,,,,회현동,,,,,,,,,,,,,
3122,,,,회현면,,,,,,,,,,,,,
3123,,,,회화면,,,,,,,,,,,,,
3124,,,,횡성읍,,,,,,,,,,,,,
3125,,,,횡천면,,,,,,,,,,,,,
3126,,,,효곡동,,,,,,,,,,,,,
3127,,,,효덕동,,,,,,,,,,,,,
3128,,,,효돈동,,,,,,,,,,,,,
3129,,,,효동,,,,,,,,,,,,,
3130,,,,효령면,,,,,,,,,,,,,
3131,,,,효목1동,,,,,,,,,,,,,
3132,,,,효목2동,,,,,,,,,,,,,
3133,,,,효문동,,,,,,,,,,,,,
3134,,,,효성1동,,,,,,,,,,,,,
3135,,,,효성2동,,,,,,,,,,,,,
3136,,,,효자1동,,,,,,,,,,,,,
3137,,,,효자2동,,,,,,,,,,,,,
3138,,,,효자3동,,,,,,,,,,,,,
3139,,,,효자4동,,,,,,,,,,,,,
3140,,,,효자5동,,,,,,,,,,,,,
3141,,,,효자동,,,,,,,,,,,,,
3142,,,,효자면,,,,,,,,,,,,,
3143,,,,효창동,,,,,,,,,,,,,
3144,,,,후암동,,,,,,,,,,,,,
3145,,,,후평1동,,,,,,,,,,,,,
3146,,,,후평2동,,,,,,,,,,,,,
3147,,,,후평3동,,,,,,,,,,,,,
3148,,,,후포면,,,,,,,,,,,,,
3149,,,,휘경제1동,,,,,,,,,,,,,
3150,,,,휘경제2동,,,,,,,,,,,,,
3151,,,,휴천1동,,,,,,,,,,,,,
3152,,,,휴천2동,,,,,,,,,,,,,
3153,,,,휴천3동,,,,,,,,,,,,,
3154,,,,휴천면,,,,,,,,,,,,,
3155,,,,흑산면,,,,,,,,,,,,,
3156,,,,흑석동,,,,,,,,,,,,,
3157,,,,흥남동,,,,,,,,,,,,,
3158,,,,흥덕면,,,,,,,,,,,,,
3159,,,,흥도동,,,,,,,,,,,,,
3160,,,,흥선동,,,,,,,,,,,,,
3161,,,,흥업면,,,,,,,,,,,,,
3162,,,,흥천면,,,,,,,,,,,,,
3163,,,,흥해읍,,,,,,,,,,,,,
