id,question
0,﻿좋은 아침.
1,좋은 아침.
2,굿 모닝.
3,안녕.
4,안녕 헬퍼.
5,안녕 헬퍼야.
6,안녕 헬퍼.
7,헬퍼야
8,고마워.
9,고맙다.
10,"고마워, 덕분에."
11,"그래, 고마워."
12,"응, 고맙다."
13,"그래, 오늘은 쉬었다가 해야겠다."
14,그래야겠어.
15,그래야겠다.
16,그래야지.
17,"응, 그럴게."
18,"응, 그래야겠다."
19,"응, 그게 낫겠다."
20,"그래, 그게 낫겠어."
21,"응, 그게 나을 것 같아."
22,"응, 오늘은 좀 쉬었다가 해야겠어."
23,"응, 좀 쉬었다가 할게."
24,"응, 쉬다가 다시 해야겠다."
25,쉬엄 쉬엄 해야겠어.
26,좀 쉬었다가 다시 해야겠어.
27,쉬었다가 하는게 좋겠어.
28,좀 쉴게.
29,날씨가 좋으니까 기분도 좋다.
30,날씨가 좋으니 기분도 좋아지네.
31,날씨가 좋아서 기분도 좋은 것 같아.
32,내일은 덜 바쁠까?
33,내일은 좀 덜 바쁠까?
34,내일은 좀 덜 바쁘려나?
35,내일은 좀 한가할까?
36,내일은 한가할까?
37,너는 남자야 여자야?
38,넌 남자니 여자니?
39,너는 남자야?
40,너는 여자니?
41,너의 성별은 뭐니?
42,너의 성별은 뭐야?
43,너는 어디에 살아?
44,너는 어디에 사니?
45,너 지금 어디야?
46,너 지금 어디니?
47,지금 어디있어?
48,어디야?
49,너 어디니?
50,너는 어디에 있어?
51,지금 어디야?
52,너는 이름이 뭐야?
53,너는 이름이 뭐니?
54,너의 이름은 뭐야?
55,너 이름은 어떻게 돼?
56,넌 뭐야?
57,이름이 뭐야?
58,넌 정체가 뭐야?
59,너 이름 알려줘.
60,배부르다.
61,아 배부르다.
62,배부르네.
63,배불러.
64,아 배불러.
65,아 너무 배불러.
66,너무 배부르다.
67,진짜 배부르다.
68,완전 배부르다.
69,아 잘먹고왔다.
70,아 너무 잘먹었다.
71,너무 잘 먹고왔어.
72,오늘은 진짜 잘먹었어.
73,오늘 배부르게 잘먹었어.
74,배부르게 잘먹고왔어.
75,배고파.
76,아 배고프다.
77,배고프다.
78,벌써 배고프다.
79,너무 배가 고파.
80,아침을 안 먹었더니 배가 고프네.
81,슬슬 배가 고파져.
82,조금씩 배고프네.
83,점점 배고프네.
84,오늘 점심은 별로였어.
85,점심식사가 너무 별로였어.
86,오늘 점심 너무 별로더라.
87,점심 메뉴가 너무 별로였어.
88,점심이 너무 맛없었어.
89,점심이 너무 별로였어.
90,밥이 맛 없어서 얼마 못먹었어.
91,오늘 밥이 너무 형편없었어.
92,피곤하다.
93,오늘따라 좀 피곤하다.
94,오늘은 많이 피곤하다.
95,아 너무 피곤하다.
96,집중이 안돼.
97,오늘 집중이 안돼.
98,집중력이 흐려지는 것 같아.
99,오늘따라 집중이 잘 안 되는 것 같아.
100,오늘은 집중이 안되네.
101,오늘 좀 집중력이 떨어지네.
102,오늘따라 피곤하네.
103,오늘은 좀 피곤한 것 같아.
104,피곤해.
105,안 그래도 점심 먹고 산책하려고.
106,그래서 점심 먹고 산책할거야.
107,오늘은 집중이 잘되는 날이야.
108,너 로봇이야?
109,너는 로봇이야?
110,너는 로봇이니?
111,너 로봇 아니니?
112,너는 뭘까?
113,야.
114,저기.
115,컴패니언.
116,퇴근 시간 얼마나 남았지?
117,퇴근까지 얼마나 남았어?
118,퇴근까지 얼마나 남았는지 알려줄래?
119,퇴근 얼마나 남았는지 알려줘.
120,몇 분 뒤에 퇴근이야?
121,뭐 먹지?
122,뭐 먹을까?
123,오늘 뭐 먹을까?
124,오늘은 뭐 먹지?
125,오늘은 뭐 먹는게 좋을까?
126,점심 뭐 먹지?
127,오늘 점심은 뭐 먹을까?
128,오늘은 점심으로 뭐가 좋을까?
129,점심으로 뭐 먹는게 좋을까?
130,떡볶이 좋지.
131,"오, 그거 좋다."
132,좋다 그거.
133,그거 좋은 생각이다.
134,그것 참 좋은 생각인 것 같아.
135,"오, 그거 좋네."
136,좋은 생각이야.
137,그거 참 좋은 생각이네.
138,되게 좋은 생각이다.
139,짜장면 좋지.
140,짜장면 괜찮다.
141,"그래, 짜장면 먹어야겠다."
142,그거 먹어야겠다.
143,오늘 미세먼지 농도는 어때?
144,오늘 미세먼지 수치좀 알려줘.
145,오늘 미세먼지 농도가 어떻게 돼?
146,오늘 미세먼지 농도 알 수 있을까?
147,지금 미세먼지는 어때?
148,지금 미세먼지가 어떤지 알려줘.
149,미세먼지 어떤지 알려줄래?
150,"컴패니언, 오늘 날씨 어때?"
151,오늘 날씨 말해줘.
152,오늘 날씨 좀 알려줘.
153,오늘 날씨 어때?
154,날씨 알려줘.
155,오늘 날씨 좋네.
156,오늘 날씨 너무 좋다.
157,날씨가 좋네.
158,날씨 좋다!
159,지금 날씨 어때?
160,지금 날씨 어떤지 말해줘.
161,날씨 어때?
162,춥다 오늘.
163,오늘 기온이 낮은가봐.
164,오늘 좀 춥다.
165,오늘은 날씨가 좀 춥네.
166,오늘은 좀 추운것 같아.
167,오늘 날씨가 꽤나 쌀쌀하네.
168,오늘 회의도 많고 너무 바쁘네.
169,오늘 할일도 많고 너무 바빠.
170,할일이 많아서 너무 바쁘네.
171,할일이 너무 많아.
172,오늘 일이 많네.
173,오늘도 너무 바쁘다.
174,오늘도 너무 바빠.
175,오늘 너무 바쁘다.
176,오늘따라 시간이 안 가네.
177,왜 이렇게 시간이 안가지.
178,시간이 너무 안가는 것 같아.
179,시간이 너무 더디게 가는 기분이야.
180,시간이 왜이렇게 안 갈까.
181,너무 시간이 안가.
182,"아니, 괜찮아."
183,"아니야, 괜찮아."
184,"됐어, 괜찮아."
185,"아니, 그런 건 아닌데."
186,"아니, 그런 건 아니야."
187,그런 건 아니고.
188,"아니, 그런건 아니야."
189,"아니, 아직."
190,"아니, 없어."
191,오늘 시간이 너무 안가네.
192,너무 시간이 안 가는것 같아.
193,오늘은 미팅이 많아.
194,오늘 미팅이 많이 있네.
195,미팅이 많네.
196,하루가 미팅으로 꽉 차있네.
197,미팅이 가득이네.
198,이제 곧 퇴근이야.
199,퇴근이다!
200,곧 퇴근이야!
201,오늘은 칼퇴 할거야.
202,오늘은 칼퇴 해야지.
203,오늘은 제때 칼퇴 해야지.
204,정시에 딱 퇴근할거야.
205,조금 있으면 퇴근이야!
206,곧 퇴근할거야.
207,오늘은 제때 퇴근할 수 있겠어.
208,퇴근해야겠어.
209,드디어 퇴근이야.
210,정각에 퇴근할게.
211,퇴근한다~
212,퇴근할게.
213,안녕~ 내일 보자.
214,"안녕, 퇴근할게."
215,"난 퇴근할게, 내일 봐."
216,"퇴근할게, 수고했어."
217,"응, 좋은 하루."
218,잘 보냈어.
219,잘 보냈지.
220,잘 보내고 왔어.
221,"그럼, 잘 보냈지."
222,"응, 잘 보내고 왔지."
223,정말 잘 보내고 왔어.
224,그럭저럭.
225,"응, 안녕."
226,"헬퍼야, 뭐해?"
227,"헬퍼, 너 뭐해?"
228,음악 좀 틀어줘.
229,신나는 음악 듣고 싶어
230,슬픈 노래 틀어줘
231,햄버거 먹고싶어.
232,"오늘 세시에 회의있어, 30분 전에 알려줘."
233,지친다 오늘.
234,전화 온 것 있니?
235,오늘 일은 다 끝냈어.
236,오늘 업무 다했어.
237,퇴근 하고싶다.
238,지금 밖에 비와?
239,밖에 비 오니?
240,실내 온도가 어떻게 돼?
241,밖에 기온 좀 알려줘.
242,이제 퇴근해도 되겠지?
243,안이 좀 더운거 같아.
244,지금 좀 춥네.
245,밖에 더운가?
246,오늘 덥지?
247,밖이 화창해 보이네.
248,오늘은 더우니까 냉면을 먹어야겠어.
249,추운데 뭘 먹는게 좋을까?
250,눈 오는것 같은데?
251,너는 오늘 기분 어때?
252,무슨 생각해?
253,기분이 영 별로야.
254,잘 못알아 듣는구나
255,어떤 상상?
256,무슨 상상?
257,무슨 상상을 해?
258,그럼 너는 할 수 있어
259,물론이지 할 수 있어
260,당연하지 잘 할거야
261,아니야 됐다
262,그렇구나 푹 쉬어
263,안돼 쉬지마
264,나랑 놀자
265,숨박꼭질
266,끝말잇기
267,그냥 대화하면서 놀자
268,아무 대화
269,넌 나의 좋은 친구
270,아니
271,아니야
272,응 좋아해
273,아니 안 좋아해
274,재밌는 친구야
275,너 정말 재밌다
276,화이팅
277,몸이 쑤셔
278,온 몸이 찌뿌둥 하네
279,오늘은 쉬고 싶어
280,몸이 아픈 것 같아
281,몸이 안 좋아
282,몸이 많이 아파
283,기운이 없어
284,심심해
285,우울해
286,넌 기분이 어때?
287,기분이 어때
288,제 감정이 이상해진 것 같아요. 남편만 보면 화가 치밀어 오르고 감정 조절이 안되요.
289,더 이상 내 감정을 내가 컨트롤 못 하겠어.
290,하루종일 오르락내리락 롤러코스터 타는 기분이에요.
291,평소 다른 일을 할 때도 비슷해요. 생각한대로 안되면 화가 나고…그런 상황이 지속되면 폭발해버려요.
292,예전보다 화내는 게 과격해진 거 같아.
293,화가 안 참아져.
294,나도 그런 거 아닌가 걱정돼.
295,"처음엔 치료 받으면 낫겠지 생각했는데, 낫지도 않고 계속 병원을 다니니까 너무 걱정되요."
296,수술한다는 말에 얼마나 걱정이 되던지…
297,평생 이렇게 살아야할까봐 걱정이야.
298,나도 혈압이 높은 편인데… 요즘 몸도 안 좋고 해서 자꾸 걱정이 되네..
299,나도 이러기 싫은데 자꾸 건강을 걱정하게 돼.
300,위염이 위암이나 다른 암으로 발전하면 어떡하지. 이런 생각을 많이 하는 것 같아요.
301,괜히 진짜 큰 병이면 어쩌나 싶기도 하고… 별거 아닌 걸로 병원 가는 것도 좀 그렇기도 하고.
302,"수술도 잘 됐고, 의사도 회복만 잘 하면 된다는데 자꾸 걱정이 돼요."
303,학자금은 언제 다 갚나… 아직도 몇 년은 더 남았는데…
304,경제적인 문제만 좀 풀려주면 좋겠는데… 쉽지가 않네요.
305,언제쯤 저는 돈 걱정 없이 살 수 있을까요?
306,내가 이 회사를 다니는 게 맞나… 그런 생각도 들고요.
307,앞으로 집은 어떻게 사나 싶어요.
308,좋은 환경에 있어도 잘될까 말까 하는데… 이런 환경에서 사람답게 살 수 있을까?
309,걱정이 돼서 밤에 잠이 안 와.
310,또 못 자면 어떡하지? 하고 걱정이 드는데 그거 때문에 더 못 자는 거 같아요.
311,언제 또 이렇게 못 잘 지 모르겠고… 또 못 자게 될까봐 그게 걱정돼.
312,위염인 줄 알았는데 암이었다는 사람도 있었고… 걱정이 되지.
313,"간암도 초기에는 잘 모른다고 하니까… 내가 간암일 수도 있지 않나, 내가 간암이면 어쩌나 그런 걱정도 해."
314,암이면 어떻게 하지?
315,하루종일 딸만 생각하고 있어.
316,하루종일 아들만 생각해.
317,딸 걱정 때문에 다른 일도 잘 못 하겠어.
318,주변에서는 나이도 어린데 뭔 그런 걱정이냐고 하는데 그래도…
319,주변 사람들은 제가 너무 걱정이 많다고 하는데 모르겠어요.
320,그냥 뭘 사거나 아니면 말을 할 때도 다른 사람이 어떻게 생각할지 걱정해요.
321,선생님은 수술 잘됐다고 안심하라고 하는데 밤만 되면 나도 병이 재발하는 게 아닌가 싶고…
322,"또 크게 어지럼증이 느껴져서 쓰러지기라도 하면 어떡하나, 큰일이 나면 어쩌나 싶더라구."
323,또 그런 증상이 나타날까 봐 걱정되네요.
324,누가 나 좀 위로해줬으면 좋겠다…
325,나만 어디 버려져 있는 느낌이에요.
326,세상에 저 혼자 있는 거 같아요.
327,내가 정말 황당해서…
328,처음에 그 얘기를 들었을 때는 너무 황당한 거예요.
329,기사님한테 세워달라고 할 수도 없고…
330,이러다 죽는 게 아닌가 싶을 정도였어.
331,무서워서 이를 악 물었는데 얼마나 세게 물었는지 나중에는 턱이 얼얼하더라구.
332,으… 보기만 해도 비명이 바로 튀어 나온다.
333,원래 새 봐도 별 느낌이 없었거든.
334,근데 학교에서 비둘기가 막 낮게 날면서 위협한 이후로 새들이 무서워졌어.
335,"멀리서 비둘기 보여도 갑자기 달려들까봐 피하고, 가까이 오면 소리지르고 난리도 아니야."
336,저도 살아 숨쉰다는 느낌을 받고 싶어요. 지금은 죽어있는 느낌이예요.
337,외롭다는 생각도 모르고 그냥 적응하고 살았는데… 가끔은 내 인생은 왜 이럴까..서글프게 느껴져요.
338,세상에 제 편은 아무도 없는 것 같아요. 먼지처럼 사라져도 아무도 모르겠죠?
339,작은 소리에도 깜짝깜짝 놀라고… 정상적인 생활이 안 돼요.
340,장난이라고 하는데 자꾸 생각나고 신경 쓰여요.
341,다들 신경이 극에 달했던 것 같아.
342,그렇게 몇 개월 다니다 보니까 사람 할 짓이 못되더라고요.
343,그거 때문에 괴로워서 미칠 거 같아요.
344,저 진짜 상처 너무 많이 받는데… 그 사람을 놓을 수가 없어요.
345,기분이 계속 다운된 상태였어요.
346,혼자 깊은 감옥에 갇혀서 못 빠져나오는 느낌?
347,다 맘에 안 들고 기분이 안 좋아요.
348,그런 걸 기시감이라고 하지?
349,"친구랑 한 번도 안 가본 빵집에 갔는데, 왠지 되게 익숙한 기분이 드는 거야."
350,긴장을 해서 그런가?
351,물론 많이 떨기는 하지만요.
352,아무것도 아닌 일에 자꾸 긴장이 되고…
353,너무 긴장해서 운전대 잡은 손이 땀이 나고 온 몸에 힘을 주고 운전하니까 몸살 난거처럼 여기저기 아프고…
354,멀리서 걸어오는 사람만 봐도 가슴이 두근거리고 긴장이 되더라고요. 정말 큰일이에요.
355,일이 해도해도 끝이 없으니까 눈물이 날 정도였어요.
356,그래서 많이 울었어요.
357,눈물이 날 거 같더라고.
358,너무 답답해요.
359,너무 답답해서 미칠 거 같을 때가 있어요.
360,눈앞이 깜깜할 때도 있어요.
361,사람이 많은 자리라서 그런지 굉장히 갑갑하게 느껴졌어.
362,기차에서 내려서 서울 시내로 가잖아? 그럼 더 답답해.
363,무슨 사람이 그렇게 많은지…
364,말문이 턱 막혔어…
365,좀 당황스럽기도 해.
366,"내 직업이 사람 만나는 일인데, 너무 당황이 되는 거야."
367,저도 꼭 그럴 것만 같아서 너무 두려워요.
368,너무 두려웠어요.
369,눈 뜨는게 두렵네요.
370,"다행히 고속도로였고, 휴게소가 바로 보여서 죽을 힘을 다해서 운전했어요."
371,이제 운전을 못하겠어. 안 한 지 꽤 된 거 같아.
372,사고 이후로 운전하는 게 무서워서 못하게 됐어요.
373,차는 타면 뛰어내리고 싶은 정도예요.
374,차에 타면 뛰어내리고 싶을 정도야.
375,사고난 이후로 차 탈 때 조수석에는 안 타게 되더라.
376,그때는 그냥 얼떨떨했던 거 같아요.
377,마음이 하루종일 붕 떠 있고… 멍하고…
378,하루가 멍하게 지나가는 것 같아요.
379,그래도 뭐 다른 방법이 없으니까…
380,내가 모를 줄 알고?
381,오히려 외로움 느낄 틈 없이 잘해줘요.
382,그냥 내일 아침에 일어났을 때 죽어있었으면 좋겠어요.
383,그럴 때마다 나는 들을 수밖에 없고.
384,내일이 없었으면 좋겠다고 생각해.
385,근데 요즘엔 하나도 즐겁지가 않아.
386,예능 프로를 봐도 하나도 안 웃기던데요.
387,배를 잡고 웃어본게 언제였나 싶어요.
388,전망대 같은 데 가려고 계단 올라가잖아. 올라가다가 뒤돌아보면 너무 까마득해서 기절할 것 같았어.
389,무서워 죽겠어요. 그건 겪어본 사람만 알아요.
390,태어나서 이런 경험은 처음이었어요. 정말 너무 무서웠어요.
391,그래서 아이들한테 항상 그게 좀 미안했어요.
392,첫째한테 하도 못 해준 게 많으니까… 너무 미안해서…
393,애들한테 미안해 죽겠어요.
394,그래서 막 남자친구도 미워지려고 하고 그래요. 걔 잘못이 아닌데.
395,근데 괜히 새언니가 내 오빠를 뺏는 것 같아서 괜히 미워.
396,그리고 나는 이렇게 힘든데 혼자 밥 잘 먹는 것도 밉고 그래요.
397,"아, 진짜 배신감 쩔어."
398,처음엔 배신감이 들었죠.
399,그래서 되게 배신감 느꼈어. 진짜 말할 줄 몰랐거든.
400,요즘 그런 생각이 들어. 뭘 위해서 사는 걸까….
401,"사는 게 재미도 없고, 되는 일도 없는데 이렇게 사는 게 의미가 있을까?"
402,내가 없으면 주변 사람들이 슬퍼하니까? 그 사람들 때문에 사는 건 답이 아닌 것 같아.
403,버렸는지 뭔지 내가 어떻게 알아?
404,진짜 어이없고 화가 나서 숨이 턱 막히는 거야.
405,어떻게 나한테 말도 한마디 없이 그럴 수가 있지?
406,"어휴, 그런 말은 나도 하겠네."
407,부모 같지도 않은 부모랑 사는게 어떤 건지 알아?
408,제가 무슨 죄를 지어서 이런 남자를 만난 걸까요?
409,자기 몸 아니라고 약도 아무렇게나 지어주는 것 같아. 도대체가 사명감이란게 없어!
410,가해자 남편이 있는 병원이라서 그런지 뭔가 찝찝했어요.
411,그때 뭔가 속은 기분이 들었어요.
412,불안해서 가만히 있을 수가 없어.
413,"전남친한테 폭행당하고, 너무 불안해서 생활이 안돼요."
414,"근데 진짜 웃긴 게 지난 번에 그렇게 확인했는데, 회사 나왔는데, 뭔가 불안한거야."
415,치매 걸리는 건 아닌가 불안하더라고요.
416,작년부터는 더 불안해졌어요.
417,크게 못 느끼고 있었는데 막상 그 얘길 들으니까 더 불안하고 긴장되는 느낌이었어.
418,평소 때도 늘 불안하고 떨려.
419,늘상 불안하고 떨려.
420,"슬슬 결혼도 해야 하는데, 어떻게 먹고 살아야 하나 가끔 그런 생각이 들 때가 있어요."
421,나중 일 생각하면 불안해요.
422,가끔 앞날 생각하면 불안하긴 해요.
423,어떨 때는 들리고 어떨 때는 괜찮으니까… 언제 그런 증상이 나타날까 불안해.
424,증상이 1~2일에 한번씩 반복됐어요. 언제 나타날지 모르는 증상 때문에 너무 불안했어요.
425,"다시 공황 증상이 올까봐 불안하긴 했는데, 버스를 아예 못 타는 건 아니야."
426,또 그럴까 봐 너무 불안해.
427,너무 불안하고 초조해서 잠이 올 생각을 안해..
428,하루종일 불안하고 초조해.
429,불안하고 초조한 느낌이 늘 베이스로 깔려 있는 거 같아.
430,아파서 그런지 자주 불쾌해져요.
431,다들 표정이 무섭고 딱딱해서 싫어.
432,진짜 지질하지? 남자한텐 아무 말도 못 하고 여자나 패고…
433,행동도 부자연스러워지고...웃는게 웃는게 아니었어요.
434,제 주변에 있는 모든 것들이 다 불편했어요. 고등학교 때 특히 심했던 것 같아요.
435,겉으로는 축하해줬는데 마음은 불편해요.
436,"속 마음 터 놓을 친구도 없고, 엄마 아빠는 잔소리만 하고, 시험은 떨어지고…"
437,나만 빼고 다 잘났어.
438,이렇게 사는게 맞나 싶어요.
439,"죽여버리고 싶어요, 정말."
440,밥에 농약이라도 타서 죽여버리고 싶어요.
441,내가 잔인하게 죽여버릴 거야.
442,"근데 오늘은 진짜, 하, 어이가 없어서…"
443,요즘 보통 다 종이로 안 받잖아? 근데 이건 뭔가 했지.
444,아니 어떻게 자식이 아픈데 그런 식으로 말을 할 수가 있어요?
445,"이제 저랑 다른 삶을 살겠구나 싶어서 좀 서운하기도 하고, 잘 됐다 싶기도 하고.. 기분이 이상해요."
446,"이제 내가 우선이 아니라, 새언니가 우선이 될 거라는 생각을 하니까 그냥 서운해."
447,"엄마가 저보고 너는 니가 벌어서 시집가라고. 너 줄 돈은 없다고 하는데, 기분이 좋진 않았어요."
448,오빠가 그동안 돈 대느라 고생한 건 알지만 할아버지가 남긴 주택까지 팔고 하는 거 보니까 괜히 속상했어요.
449,엄마도 없이 애한테 못 할 짓 한다고 생각하니까 속상하더라고요.
450,내가 집에서는 전혀 존중 받지 못한다는 느낌을 받았어.
451,"원래 이렇지 않았는데, 두 달 정도 된 것 같아. 교육 중에 장애 가진 아이들 사례가 나오는데, 너무 슬픈거야."
452,평소에는 목 끝까지 울음이 차있는 느낌이야.
453,누가 콕 찌르면 울 거 같은 느낌.
454,신경이 거슬려서 벽에 걸려 있던 시계 건전지를 뽑아버렸어요.
455,"그래 뭐, 혼자 다녀도 되지 라는 생각으로 혼자 다니는데, 신경이 안 쓰일 수가 없더라."
456,"자꾸 걔 눈치를 보게 되고, 말하다가 내가 실수할까봐 엄청 신경쓰게 되고…"
457,"아무리 생각해도 왜 그런건지 모르겠는데, 물어보기도 뭣하고…"
458,대체 뭐가 문제인지 모르겠어…
459,진짜 어떻게 하면 좋을지 모르겠다…
460,나보다 못 했던 사람들 다 붙었는데… 내가 운이 너무 안 좋은 거 같다는 생각도 들어.
461,그런데 항상 화살이 제 쪽으로 날아왔어요.
462,"나한테, 왜 하필 나한테 이런 일이 일어나나 싶고…"
463,내가 너무 예민해있으니까 팀원들이 날 피하는 게 느껴져.
464,나한테 왜 그렇게 예민하냐고 그러더라?
465,요즘 남편이 왜 그렇게 예민하냐고 그러더라.
466,주변에 있는 것들이 다 예민하게 다가왔어요.
467,"갈 데가 교회 뿐인데, 교회 사람들도 내 또래가 없어서 외로워."
468,저도 적적하잖아요.
469,너무 외로워요.
470,특별히 아무 일도 없는데 그냥 우울해요.
471,그냥 하루종일 제 감정이 우울한 거 하나인 거 같아요.
472,엄마랑 크게 싸운 다음부터 기분이 완전히 바닥을 쳤어요.
473,좀 지나보니까 제가 그때 우울했던 거 같아요.
474,평소에 우울하죠.
475,"아무 일도 없는데, 우울해서 그냥 펑펑 울고 싶을 때가 있어요."
476,내가 너무 바보 같아요. 시도 때도 없이 눈물이 나고 우울해요.
477,한 번 우울해지면 깊게 빠지는 것 같아. 옆에서 누가 뭐라고 하면 감정이 격해지면서 울 것 같아.
478,근데 대학 들어오니까 또 우울해져가지고…
479,이번에도 그렇게 하루 이틀 지나면 기분이 나아질 거라고 생각했는데…
480,우울감이 이렇게 길게 이어진 적이 없어요.
481,우울증이 다시 도진 거 같아.
482,내 마음이랑 상관없이 주기적으로 우울증이 오는 것 같아.
483,집에 와서도 계속 생각나고 우울하고 그래요. 한 이틀 가는 것 같아요.
484,딱히 잘하는 것도 없는 거 같고… 내세울 것도 없고요.
485,"저쪽은 취업을 했는데, 나는 계속 백수니까 주눅드는 것도 있고."
486,아무도 날 좋아하지 않는 거 같아요.
487,다 제 잘못이에요.
488,이웃이나 친척들도 이제 취업했냐고 안 물어보더라?
489,내 꼴이 그렇게 백수 같은가…
490,이도 저도 못하니까 스스로 좀 한심하다는 생각도 해.
491,다른 사람들은 저러고 살아서 행복할까?
492,다들 뭘 바라고 그렇게 열심히 사는지 이해가 안 돼.
493,의욕도 안 나고… 세상이 싫고… 그냥 사춘기인 줄 알았거든요.
494,이거 다니는 게 소용이 있나 싶어요.
495,"수업 들으러 가야 하는데 일어나는 것도 힘들고, 귀찮아서 많이 빼먹었어."
496,집에 늘어져 있으니까 아무것도 하기 싫어요.
497,예전에는 재밌었던 게 지금은 너무 하기가 싫어.
498,내 자신이 끔찍하게 싫어.
499,작은 소리에도 깜짝깜짝 놀라고…내가 너무 초라해.
500,식당 아줌마로 늙어가는게 한심스럽게 느껴지고…
501,경제적으로는 문제가 없는데.. 그냥 자격지심같은거예요
502,죽고만 싶어.
503,먼지가 되고 싶어.
504,그냥 공기 중으로 스르륵 사라졌으면 좋겠어.
505,뭘 잘해나갈 자신이 없어요.
506,남들보다 뒤처진다는 생각이 점점 들어.
507,남들은 다 저만치 가는데 나는 혼자 여기 멈춰 서서 뭘 하고 있나 싶고.
508,남자친구가 워낙 괜찮으니까 한편으론 제가 너무 차이나는 느낌이었어요.
509,남들이 우리를 어떻게 생각할까 신경쓰게 되고… 자존감이 낮아지는 것 같았어요.
510,"남친 때문에 아무것도 못하겠고, 자존감이 더 떨어지는 기분이야."
511,"그만둘까도 생각했는데, 당장 대출에 카드값에… 생각하면 더 절망스러워."
512,전 제가 세상에서 제일 불행한 것 같아요.
513,나에게 더 이상 자유는 없는 걸까요?
514,저는 이제 망했어요…
515,시간이 갈수록 열심히만 한다고 다 되는 게 아니란 걸 알겠더라.
516,내가 최선을 다 해도 안 되는 일이 있는 거 같아…
517,이젠 포기했어…
518,"그런 소릴 들으면 아, 내가 충분히 할 수 있는 일인데… 내가 너무 게으르다. 하면서 죄책감이 들어요."
519,좋기도 했는데… 굉장히 죄책감이 들었어요.
520,괜히 사람 마음 찔리게.
521,확실히 외로움도 덜 느껴지고 좋더라고요.
522,원하는 과에 드디어 들어갈 수 있게 되서 너무 좋아.
523,제주도나 일본도 아니고 러시아라니까 처음엔 신났지.
524,"항상 그런 식이야, 항상…"
525,내가 힘을 안 내고 싶은 게 아니잖아요.
526,저번엔 진상도 진상도 그런 진상이 없었어.
527,"요즘 뭐 청춘, 청춘 하는데… 다들 모르는 소리들 하는 거 같아요."
528,남자가 쪽팔리게 새 무서워한다고 말하기 창피하잖아요.
529,부끄럽고 창피해서 목을 계속 손으로 가리게 돼.
530,아무렇지 않게 있다가 갑자기 이러니까… 너무 쪽 팔려.
531,사람이 언제 홱 바뀔지 모르니까 항상 초조하지.
532,일도 다시 시작하고 싶고… 일상으로 돌아가고 싶은데… 낫질 않으니 너무 초조합니다.
533,그래도 조마조마할 때가 있긴 해…
534,충격을 많이 받았어. 내가 볼 때는 마냥 밝아만 보였거든.
535,솔직히 진짜 충격이었지.
536,거울을 보고 너무 깜짝 놀랐어요.
537,운전에 방해가 되는데도 멈출 수가 없어요.
538,택시에서 내렸는데 정신을 못 차리겠더라고요.
539,그런데 자제가 안 돼.
540,인생이 허무하게 느껴지고… 내 손에 남은 게 뭐가 있나 싶어요.
541,아무리 말려도 소용이 없더라.
542,계속 이러다 보니까 이런 게 다 무슨 소용인가 싶기도 하고…
543,나도 모르게 버럭 화 낼 때도 있고.
544,나도 모르게 화를 낼 때도 있어요.
545,동물은 물건이 아니잖아요!
546,내가 미쳤지.
547,"좋은 애였는데, 그땐 왜 그랬는지… 그렇게 잘해주지도 못했어."
548,그것만 내가 안 먹었어도 괜찮았을 텐데…
549,결혼 괜히 했다 싶어… 오빠만 믿고 시집온건데…오빠는 모든 상황을 방관하고 있어.
550,나 결혼 괜히 했나 봐..
551,강박처럼 일해야 만족하는 내 자신이 너무 싫어.
552,마음이 너무 힘든 거야. 기댈 상대가 있었으면 좋겠다는 생각을 했어.
553,"동생 사고칠 때마다 남편 보기 창피하고, 모른 척 하고 싶어도 엄마 때문에 그러지도 못하고… 힘드네요."
554,아빠 죽었다는 말에 눈물도 안 나왔어요. 그냥 내가 불쌍했어요.
555,"하루종일 일에 매여서 일 생각만 하고, 별 것 아닌 건데 스트레스 받고...즐겁지가 않아."
556,스트레스가 너무 심하네요.
557,스트레스 받아서 진짜 죽을 거 같아요…
558,이제 이러는 것도 지쳐요.
559,너무 지친다…
560,갈수록 지쳐요…
561,정말 뭔 이상이 있는 것 같아서 일단 병원 와봤어요.
562,그래서 이거 상담 차 한 번 와봤어요.
563,사실 이 상담도 돈 아까웠는데 그래도 혹시 하는 맘에 와봤어요.
564,쭉 이러다 보면 정말 자살할 것 같아서 상담 받으려고 와봤어요.
565,근데 선생님이 정신과 상담 권유하셔서… 그래서 와 봤어요.
566,선생님이 정신과 한 번 가보라고 하셔서 오긴 왔어요.
567,지금 방학했으니까 아예 한국에서 치료 받으려고 왔어요.
568,이게 아무래도 제 정신적인 문제 같아서 치료 받으러 왔어요.
569,어떻게 뭔 치료가 없을까 해서 그거 알아보다가 왔어요.
570,그런데 살아보니까 그렇지도 않아요.
571,그런데 지금은 아니야…
572,옥상에 올라가서 찬바람을 맞으니까 정신이 확 들었어요.
573,"누나가 혼내는 게 아니라, 다 이해한다고 그러는데 진심으로 고마웠어."
574,"남편이 4형제 중에 둘째인데, 시어머니가 남편을 별로 안 좋아하는 것 같아요."
575,나갔다가 들어왔더니 엄마가 뭐라는 줄 알아?
576,"언니는 커튼을 자주 치는데, 제가 자꾸 못 하게 막으니까… 집에서 나가고 싶대요."
577,새언니도 별로 잘난 건 없거든?
578,가족 중에 저한테 신경을 쓰는 사람이 없어요.
579,가족들이 아무도 저에게 관심이 없어요. 익숙해요.
580,가족들 다 제가 뭘 어떻게 하고 다니든 관심이 없어요. 당연한 것 같아요.
581,"한 2주 갔는데, 너무 몸이 안 좋아졌어요."
582,그거 때문에 병원도 계속 다니고 있고.
583,염증 때문에 병원에 자주 다니다 보니까 환자들을 많이 보게 돼.
584,제가 원래 건강체질이거든요. 뼈도 통뼈고.
585,근데 작년에 건강검진을 받아보니까 갑상선에 혹이 생겼대요.
586,병원에 가보니 갑상선에 문제가 생겼다고 하더라구요.
587,작년에 다이어트로 살을 20키로 정도 뺐어.
588,무조건 굶어서 뺀 건 아니고 운동도 하고 식이도 했지.
589,어학연수 떠나기 전에 운동 빡시게 해서 6Kg을 뺐어요.
590,졸업 사진 찍어야 해서 다이어트 한 지 두 달 됐어요.
591,"살은 빠지긴 했는데, 그 이상 빠지질 않아서 스트레스에요."
592,저저번 달부터 다이어트 중이라 스트레스가 좀 많긴 했어.
593,특히 탄수화물을 못 먹으니까 죽을 것 같아.
594,"원래 안 그랬는데, 최근 생리가 불규칙해져서 호르몬에 이상이 생긴 건 아닌지 걱정이 됐어요."
595,한 두 달 가까이 안 나오다가 2주 정도 연달아 할 때도 있고…
596,몸살 난 것처럼 열나고 토하고 그래서 병원에 갔더니 심내막염? 그거라고 수술을 해야 한다는 거야.
597,그땐 정말 죽는 줄 알았죠. 운이 좋았는지 수술도 잘 됐어요. 매년 병원가서 검사는 하고 있어요.
598,이마가 찢어져서 5바늘 쯤 꿰맸어요.
599,작년 이맘때도 알러지 때문에 고생했어.
600,저 꽃가루 알러지가 심해서 매년 고생하거든요.
601,올해도 봄이 되니까 눈이 딱 가렵더라고요.
602,수술 끝나고 항암 치료 진행 중이에요.
603,아직도 항암이 4번이나 더 남았어…
604,항암 치료를 이어나가고 있긴 한데… 기대는 크지 않아.
605,"암튼 결혼해서 지금 애 하나 있고, 초등학생이에요."
606,사실 결혼한 지 한 달 밖에 안됐는데… 신혼인데 왜 그런지 모르겠어요.
607,결혼식 하고 일주일이나 지났나?
608,나이 마흔 둘인데 아직 결혼 안 했어.
609,"비혼주의자는 아닌데, 사람 만날 인연이 없었나봐."
610,딱히 결혼할 생각은 없어.
611,"제가 직업이 좋은 것도 아니고.. 금수저 집안도 아니고, 아직 갚을 대출도 있는데, 버는 돈은 똑같고…"
612,근데 뭐 내가 벌이가 있어야 말이지.
613,빚이 무섭게 불어나더라.
614,여차하면 팔아서 반반 나눠야겠다고 생각을 하고 있었죠.
615,얼마나 가난했냐면 정말 급식비 낼 돈도 없었거든. 진짜로.
616,그걸로 동생들 뒷바라지 다 하고… 어렵게 살았죠.
617,심지어 못 갚을 상황이 됐다고… 그게 우리가 갚아야 되는 돈이 됐다네요?
618,그래도 어느 정도 내 능력을 믿고 막 썼어. 금방 갚을 수 있을 거라는 뭐… 그런 마음이었지.
619,돈이 없을 때는 현금서비스를 받아서 근근이 살아.
620,독한 마음 먹으니까 영어가 빠르게 늘더라고요.
621,그 생각도 나고… 여러모로 배울 게 많을 거 같았어.
622,나는 새벽에 공부하는 편이라 항상 늦게까지 공부한단 말이야.
623,"학원도 다니고, 스터디도 했는데 잘 안 되더라."
624,"누나랑 남동생은 공부 다 잘하는데, 나만 한참 떨어져."
625,계속 공모전을 도전하긴 하는데 잘 안 되는 거 같아.
626,이렇게 살지 말아야겠다는 생각이 들더라. 마침 영장이 나와서 군대 갔다와서 사람되자 싶었어.
627,3월에 영장이 나와서 입대했어요.
628,형은 내년에 입대한다.
629,어머니가 대학은 한국에서 나오는 게 좋겠다고 해서 다시 한국으로 돌아왔어요.
630,한국에 돌아오고 나니까 아차 싶더라.
631,스페인에서 지내다가 한국에 돌아온 지 얼마 안 됐어요.
632,입학하고 나서 처음으로 남자친구가 생겼어.
633,놀다 보니까 여러 사람하고 어울리게 되고… 좀 잘해주는 남자가 있어서 만났어요.
634,"남들은 남자친구 잘만 사귀던데, 전 왜 6년째 솔로일까요?"
635,제가 무슨 문제가 있는 걸까요? 여자로서 무매력인가봐요.
636,비혼주의자도 아닌데 이러다 혼자 사는 거 아닌가 모르겠어요. 지금만 봐도 충분히 그럴 가능성 100%.
637,남자친구지만 나도 그렇게 되고 싶다고 생각할 만큼 배울 점이 많은 친구였어.
638,그 친구를 부러워했어요.
639,남자친구는 아직 없어.
640,주변에 별로 사귀고 싶은 사람이 없어.
641,내가 눈이 높은 것도 아닌데… 괜찮은 사람이 없네.
642,남친한테 먼저 헤어지자고 했어.
643,"학원에서 만난 남자가 고백해서 한 3개월 정도 만나고, 안 맞아서 끝냈거든."
644,남친한테 차였어.
645,제가 생각해도 남친한테 집착 쩌는 것 같아요.
646,"남친이 회식 있다고 하면 제가 막 불안하고, 진정이 안되고... 30분 간격으로 전화해서 확인해요."
647,남자친구한테 집착하는 편이야.
648,남자 가장 길게 만났을 때가 작년 겨울이었을 거야. 한 달 정도? 크리스마스 보내고 끝냈지.
649,헤어지고 얼마 안 돼서 클럽에서 괜찮아 보이는 애가 나 보고 만나보자고 하더라?
650,걔랑도 얼마 못 갔어.
651,남편이 갑자기 나한테 고백할 게 있다고 하더라.
652,남편이랑 처음 만난 게 등산 모임이거든요.
653,남편이랑 요즘 사이가 안 좋아요.
654,연애랑 결혼은 정말 다른 것 같아요. 연애할 때 몰랐던 게 왜 이렇게 많은지… 사사건건 맘에 안들고 부딪혀요.
655,남편이 너는 뭐가 그렇게 매일 힘드냐고 비난조로 말을 하더라고요.
656,남편 집안 사정이 별로 안 좋아요.
657,남편이 아무리 애를 써도 집에 가져다 주는 돈이 들쭉날쭉 해.
658,남편 벌어오는 돈도 시원찮고...
659,남편이 술을 많이 마시는 편이야.
660,남편이 술자리가 잦은 편이야.
661,남편이 술을 너무 많이 마셔. 술 밖에 모르는 사람이야. 술이라면 자다가도 벌떡 깨는것 같아.
662,결혼 초창기부터 남편과 사이가 다정하지는 않았어요.
663,결혼하고 바로 남편이랑 사이가 안 좋았어요.
664,남편이랑 사이는 좋아요.
665,떨어져있던 시간 동안 서로 믿음이 생기고 더 애틋해진 것 같아.
666,능력 빼고는 다 완벽한 사람이야. 잘 생기고 착하고 배려심 깊고..세상에서 나를 제일 아껴주는 사람이지.
667,남편이랑 싸우는 횟수가 많아졌어요.
668,남편이랑 다투는 일이 많아졌어.
669,남편이랑 자주 싸웠어.
670,"남편이랑은 그냥 그래. 부부관계도 별로 없고, 살갑게 챙겨주는 것도 아니고…"
671,남편은 내가 옆에 없으니까 아주 살판이 난 거 같아.
672,"자주 가는 술집 여자랑 바람이 난 거야, 알고 보니."
673,남편이 바람을 폈더라고요.
674,바로 남편한테 이게 뭐냐고 따지면서 딴 여자 있냐고 물어보니까 바로 그렇다고 그러네요.
675,남편이 원래 사업을 했었거든.
676,남편이 사업 때문에 바쁘거든요.
677,남편이 여직원을 하나 데리고 무역업을 하거든.
678,남편이 제 마음을 모르는 것 같아요.
679,신랑이랑은 전혀 대화가 안 돼.
680,남편이랑 말을 하면… 벽에다 대고 말을 하는 기분이야.
681,남편 그 인간 분명 돈 빼돌려서 자기네 식구들한테 줬다니까.
682,"지금 생각해보면 이상한 게… 저는 아는 오빠 소개로 거길 간 건데, 자꾸 남편이랑 부딪치는 일이 많더라고요."
683,남편이 달래주니까 맘이 많이 차분해지더라구..
684,다시 합치기엔 너무 멀리 온것 같구… 그래도 이렇게 가끔 친구처럼 연락하고 지낼 수 있어서 다행이야.
685,"지난 번에 싸우는데 남편이 선풍기를 잡는 거에요. 설마 이 인간이 이걸 던질까 싶었는데, 던지더라고요."
686,남편이 처음부터 날 때렸던 건 아니에요.
687,이웃집 언니가 반찬 좀 가져가라고 해서 간 김에 술도 얻어먹고… 그러고 왔는데 가시나가 헛바람 들었다고 대뜸 손을 올리더라고요.
688,2차이밖에 안 나는데 나를 엄청 어른 취급 하더라구.
689,남자친구들보다는 여자친구들이 편한 것 같아요.
690,남자친구들은 거친 면이 있다 보니까 불편해요.
691,사람들이 이해를 못 해줘요.
692,"그 다음 날부터 일을 하는데, 아씨 거기 외교부 직원이 진짜 이상한 거야."
693,내려서 숙소에 짐 풀고… 같이 방 쓰는 사람도 좋아 보이더라고.
694,그래도 인간관계는 나쁘지 않아.
695,친구가 그렇게 많은 편은 아니에요.
696,이성친구가 한 명도 없어.
697,여자친구들은 많은데… 이성친구가 하나도 없어서… 뭔가 인간관계가 한정적인 느낌이야.
698,그래서 대학 들어갔어요.
699,조금 늦더라도 대학을 꼭 가야겠더라.
700,대학 떨어질 줄은 정말 상상도 못했어요.
701,"그 대학만 보고 공부했는데, 당연히 붙을 줄 알았는데 어떻게 떨어질 수가 있죠?"
702,시험을 완전히 망쳐서 가고 싶었던 대학에 못 들어갔어요.
703,결국 원하던 데는 못 가고 다니던 학교를 계속 다니고 있어요.
704,근데 또 원하는 대학에 떨어진거야. 그래서 마지막이라고 생각하고 다시 해보기로 했어.
705,그런데 대학교에 딱 입학하고 나니까… 시험 끝나고 긴장이 풀려서 그런가?
706,난 대학 가려고 4수 했어.
707,사수를 해서 대학에 입학했어요.
708,원하는 대학에 또 떨어지고… 좀 더 좋다고 하는 재수학원에 다녔어요.
709,대학은 한 번 재수를 하고 들어갔어요.
710,원하는 대학에 못 가서 재수를 했어요.
711,결국 휴학했죠 뭐. 계속 집에 있었어요.
712,내가 휴학해서 학교 거의 안 가고 있잖아.
713,그냥 저의 문제인 거죠.
714,다들 크든 작든 문제 하나씩은 갖고 살잖아요…
715,젊을 때는 술을 많이 마시는 편이었어요.
716,다른 사람이랑 마실 때도 있었는데 혼자 마실 때가 많았어요.
717,내가 몇 달 전에 술에 취해서는 자는 가족들을 다 깨우고… 울고 불고… 주사를 엄청 심하게 부렸거든.
718,아주 어릴 때부터 머리카락 뽑는 버릇이 있었어요.
719,혼자 공부할 때 머리카락을 뽑는 습관이 있어.
720,몇 년 전부터 깊은 잠은 못 자고 있어.
721,중간에 자주 깨긴 했지만 잠을 잘 수는 있었거든.
722,원래 불면증이 있긴 했어.
723,자기 전에 꼭 화장실을 가야 마음이 편해요. 그냥 자면 자다가 소변을 지릴 것 같은 생각이 자꾸 들어서 불안해요.
724,소변 보고 다시 잠들 때
725,어릴 때부터 옷 입는 게 불편하고 싫었어요.
726,옷이 몸에 조금만 붙어도 기분이 나쁘고 택 같은 건 다 잡아 뜯어버려요.
727,집에서는 아예 벗고 지내요.
728,원래 소변볼 때 누가 옆에 있으면 신경을 많이 쓰는 편이긴 했어요.
729,바로 옆에 있는 소변기에 누가 딱 오면 나오던 것도 들어간다고 해야 하나…
730,"아는 애가 옆에 서 있으면, 괜히 내껄 볼 거 같은 기분이 들어요."
731,맥주를 매일 기본 5캔은 먹는 거 같아요.
732,술을 안 마시면 뭘 해야 할지 모르겠어요…
733,한 병만 먹어야지… 하다가도 술이 들어가면 또 한 병 더 먹고… 그렇게 되는 거 같아.
734,아빠는 진짜 오래 사실 줄 알았어.
735,"방학 때나 가끔 올라와서 병원에 가서 엄마를 만나고 오긴 해요. 근데 별 감정도, 느낌도 없어요."
736,두 분이서 같이 장사를 하셨었거든요.
737,"20살 때, 대학 안 가고 공장에서 일했거든요. 아빠가 한 이틀 안 들어오는 거에요."
738,초등학교 5학년 때 아빠가 사라졌던 게 생생히 기억나요.
739,엄마랑 아빠 사이가 그닥 좋진 않았어.
740,엄마 때문에 미칠 거 같아.
741,저번에 엄마 아빠가 그걸로 엄청 크게 다퉜거든.
742,문제는 아버지랑 사이가 안 좋다는 거에요.
743,아빠는 길길이 날뛰고… 집에서 당장 나가라고 소리치고… 집이 완전 아수라장이었어.
744,아버지랑 사이가 많이 틀어졌어요.
745,엄마랑 아빠가 사이가 너무 안 좋아…
746,그런데 요새는 사이가 안 좋거든.
747,서로를 이해 못 해.
748,이상이 있나 싶어서 병원에 가보려고 했는데 아빠가 그러다 말 거라고 그런 걸로 왜 병원에 가냐고 그러더라고요.
749,어릴 때부터 부모님이 나한테 별로 관심을 안 줬어요.
750,제 의견에는 아무 관심도 없으셨죠.
751,"둘이 싸우는 건 종종 봐서 별 느낌 없는데, 요 며칠 좀 심각하게 싸우는 것 같았어."
752,둘이 맨날 싸워요. 자기 하고 싶은 말만 하다가 끝나는 거에요.
753,그래서 내가 집 오기만 하면 두 분은 항상 싸우고 계셨어.
754,그렇게 엄마 죽고 나니까 집 나간 아빠가 오더라고요.
755,어렸을 때부터 엄마보다는 아빠랑 더 친했어요.
756,아버지가 별세하시고 그 뒤에 받아들이기가 참 힘들었어.
757,그러다 고3 때 돌아가셨는데 아마 그 때부터였을 걸?
758,그렇게 병원 신세 지시다가 2년 전에 돌아가셨어요.
759,거기다가 아빠는 한 번 폭발하면 자제가 안 되는 사람인데… 맞은 적도 많아요.
760,아버지는 화 나면 불 같은 성격이어서 맞은 적도 있어.
761,아빠가 저 어렸을 때부터 엄마 많이 때렸거든요. 저도 맞았고…
762,우리 엄마… 그렇게 고생을 하더니 암 걸려서 돌아가신지 벌써 4년이 됐네요.
763,엄마가 돌아가셨다고 그러는거야.
764,내가 엄청 어릴 때 엄마가 돌아가셨거든.
765,"엄마, 아빠는 제가 어렸을 때 이혼했어요."
766,부모님이 이혼하신 후에 휴가를 받아서 본가에 내려갔거든.
767,사고가 좀 있었어.
768,그래도 어지간하면 다니려고 했는데… 결국 터질게 터졌어.
769,차 찌그러지는 소리와 함께 잠깐 정신을 잃었어.
770,차 밖으로 완전히 나가 떨어졌던 거 같아.
771,교통사고가 무섭긴 무섭더라.
772,남편은 지금 중개사 공부하고 있고… 내가 주도해서 부동산을 운영하고 있어.
773,손님들 없을 때는 굳이 부동산에 안 있고… 집에 있어.
774,그 때 마침 오키나와 관광이 뜰 때라 아 이거다 싶었어요.
775,어차피 제가 그 때 하고 있던 사업이랑 비슷하기도 했고.
776,처음에는 잘 되던 사업이 갑자기 확 기울면서 경제적으로 많이 어려워졌어.
777,남편이 사업 말아먹고 나서는 계속 경제적으로 어려웠어.
778,10년 전부터 회사 관두고 신랑이랑 장사를 하고 있어.
779,남편이랑 같이 사업한지 10년 정도 됐어요.
780,동대문에서 침구 판매를 같이 하고 있어요.
781,전자 부품 사업을 했는데 잘 안 됐어요.
782,"나름 잘 되는 사업이었는데, 망하는 건 한 순간이더라."
783,사업을 하다가 실패해서 집안이 완전히 주저앉았어요.
784,원래 학교 다닐 때부터 쭉 파주에 살았어요.
785,적금 깨서 흥청망청 쓰면서 그렇게 살다가 누나가 나 있는데 수소문해서 찾아왔더라고.
786,머리도 식힐 겸 좋은 기회라고 생각해서 신청을 했어.
787,역 앞에 맛있는 빵집이 생겼다고 해서 거기서 빵을 잔뜩 사고 가는 길이었어요.
788,그리고 첫째 아이가 간 후부터 운전을 못 하게 됐거든요.
789,그때부터 더 이상 운전을 할 수가 없었어.
790,그렇다고 안 씻을 수도 없는데… 씻는게 이렇게 스트레스일 줄이야…
791,참는게 일상이라…스트레스가 심하네요.
792,그것 때문에 너무 스트레스를 받았죠.
793,특별히 힘든 일이나 그런 것도 없는데 왜 그런지 모르겠어요.
794,아침에 일어나면 TV도 보고 쇼핑도 하고 그럭저럭 잘 지냈어요.
795,남들은 생활이 어려워 힘든데… 나는 그런 건 아니니까.. 감사하게 생각하려고 했죠.
796,친구들이랑 기분전환 삼아 일본에 놀러 갈 때까지만 해도 괜찮았거든요.
797,중국에 좀 자주 가는 편이에요.
798,"운동도 좋아해서 헬스도 몇 년 째 꾸준히 하고 있고, 주말엔 등산도 자주 가고…"
799,그래서 자려다가 말고 운동 가방을 챙겨서 헬스장으로 갔어.
800,몸이 너무 불어난 거 같아서 겨울부터 운동을 다니고 있어요.
801,바로 내려서 의자에 앉아서 쉬니까 좀 낫더라고요.
802,의자에 앉아서 좀 쉬니까 괜찮아지더라고요.
803,"평일에는 퇴근하고 영어 회화 수업 들으러 다니고, 주말에는 평소 춤 추는 거 좋아해서 탱고 배우러 다녀요."
804,그래서 평일에는 영어 학원 나가.
805,딱딱하고 재미 없을 줄 알았는데 영어를 회화로 배우니까 제법 재미가 있더라.
806,대답을 하기도 전에 머리로 손이 날아왔어요.
807,운이 나쁜 날에는 맞을 때도 있어요.
808,처음에는 그냥 살짝 밀치는 정도였거든요?
809,원래 텍사스에 거주해.
810,내가 열다섯 살 때까지 미국에서 살았거든.
811,혼자서 뭔가를 해본게 처음이거든요.
812,퇴근하고 집에 오면 혼자야. 그냥 나 혼자 자취하는 느낌?
813,결국 6개월을 더 쉬겠다고 했어.
814,좀 길게 쉬긴 했지.
815,주저앉아서 쉬다가 일어났어요.
816,내가 그런 불합리한 일에 참을 사람이 아니지.
817,어렸을 때부터 그랬어서 그런 것 같아요.
818,원래 성격 자체가 이래서 어쩔 수 없는 것 같기도 하고…
819,"뭔가 나한테 안 좋게 하면, 그냥 넘어가도 될 걸 크게 만드는 편이야."
820,끝을 봐야 하는 스타일이에요.
821,내가 좀 성격이 급해.
822,내 성격이 원래 급하긴 해.
823,"식당 가도 주문도 제대로 못하고, 처음 보는 사람이랑 같이 있는게 죽기보다 싫거든."
824,원래 제가 성격이 소심하긴 해요.
825,원래 성격이 좀 내성적이고 소심한 편이긴 해.
826,평소에 말이 없고 소심한 편이야.
827,나는 내 이런 소심한 성격이 너무 싫어…
828,내가 성질이 좀 예민해.
829,젊을 때부터 예민한 성격이었어요.
830,외동딸이라 집에서 오냐 오냐 키운 것도 있고… 성격도 예민한 편이라 가리는게 많아요.
831,학교 다닐 때부터 그랬던 것 같아요. 남한테 싫은 소리 듣기 싫어서 엄청 신경쓰면서 살았던 것 같아요.
832,평소 완벽을 추구하는 편이예요.
833,성격 상 타고나길 완벽주의에요.
834,"어렸을 때부터 남들 갖고 있는 거 꼭 가져야 하고, 못 가지면 드러누워서 울고, 욕심이 많았대."
835,욕심이 많은 성격이에요.
836,회사에서 사람들이 저보고 자기 중심적인 면이 있다는거에요.
837,좀 자기 중심적인 면도 있어요.
838,자기중심적인 면이 있어요.
839,원래 성격이 자립적이야.
840,힘든 일 있어도 딱히 남한테 기대거나 말하고 그러지 않아.
841,시아주버니가 문제가 많은 사람이었어.
842,그래서 시부모님을 저희가 모시고 살았어요.
843,결혼 초에는 시할머님까지 계셨어요.
844,남친 엄마가 미친 싸이코 또라이 같아.
845,"나한테 넌 학비 대면서 돈 안 내놓냐, 요즘 예단 1억 정도 한다더라, 우리 서울 올라갈 테니 집 해놔라 이런 말을 하는 거야."
846,하루종일 시어머니랑 같이 있으려니 숨이 다 막혀요.
847,그 늙은네가 사람 약 올리는 짓을 어찌나 잘하는지…
848,"저는 집을 구해서 따로 나가 살았으면 했는데… 사정이 안 돼서 시동생, 시아주버니랑 같이 살게 됐어요."
849,아주버님이 그것 때문에 몇 억씩 대출을 받았었어. 근데 알고보니까 애아빠가 그 돈을 다 갚고 있는거야!
850,아주버님 사정이 많이 어려운것 같긴 한데.. 우리도 애 둘 키우면서 사정이 넉넉하지 않거든.
851,"이번에 카페 알바를 하는데, 같은 시간대에 2명이나 같이 일하거든."
852,원래는 없었는데 편의점 알바 한 후부터 이렇게 됐거든.
853,애기들한테 영어 가르치는 알바를 소개 받았어요.
854,모리라고 고양이를 키웠어.
855,고양이가 물거나 할퀼 수도 있지 않나?
856,"오빠나 엄마는 싫어하고, 반대했는데, 내가 다 알아서 한다고 하고 겨우 집에서 키우고 있었거든."
857,시험 공부 하느라 밤 늦게 집에 들어갔는데 모리가 없는 거야.
858,뭔가 느낌이 이상해서 어디갔냐고 난리치니까 사나운 애를 어떻게 계속 두냐고…
859,"어렸을 때 내가 자는 걸 보고 엄마가 잠깐 외출했는데, 그 사이에 내가 깬 거야."
860,초등학교 때 다른 애들보다 키도 크고 좀 성숙했거든.
861,초등학교 2학년 때였을 거에요. 엄마는 계속 집에서 누워만 있었던 것 같아요.
862,어렸을 때 집안 형편이 진짜 안 좋았어요.
863,"그 좁은 방 두 칸 짜리에 삼남매에 엄마, 아빠, 할머니까지 여섯 식구가 살았어요."
864,어렸을 때 집이 그렇게 잘 사는 편이 아니었어.
865,여자친구는 만난 지 2년 정도 됐는데… 포항에 있거든요.
866,여자친구랑은 원래 건너건너 알던 사이였어.
867,여자친구랑 떨어지기가 싫었어.
868,원거리 연애라 그런가? 크게 심리적으로 가깝다는 느낌이 안 들어요.
869,2년동안 사귄 여자친구가 있어요. 남들은 이정도 사귀면 깊은 관계라고 하던데…
870,그래서 여자친구랑 인천에서 먼저 살림을 차려버렸어요.
871,그리고 인천으로 올라와서 여자친구랑 동거를 시작했어.
872,결국 집 나와서 여자친구랑 동거 중이야.
873,여친이랑 헤어진 지 벌써 3년이라니.. 시간 진짜 빠르네.
874,근데 한 달 지나니까 그 애가 나랑 만나는 게 아무리 생각해도 아닌 것 같대. 그래서 놔줬어.
875,3년 전엔 진짜 힘들었어요. 여자친구랑도 헤어지고.
876,저한테 사귄 지 1년 된 사람이 있어요.
877,그래서 다음날 바로 사귀자고 말했어.
878,한 번 같이 술자리를 가진 다음에 급속도로 가까워졌어요.
879,"과CC였는데, 좀 안 좋게 헤어졌어."
880,주변에서는 잘 헤어졌다고 하는데 전 아니에요.
881,서로 안 맞는 부분이 많아서 헤어졌어요.
882,열여섯 살까지는 캐나다에서 지냈어요.
883,졸업하고 4년 정도 호주에서 유학을 했어요.
884,"전문대 졸업하고, 호주로 유학을 갔어요."
885,근데 둘째 낳고 육아를 시작하는데… 아…세상에...너무 힘든 거예요!!
886,애가 하나일 때랑 둘일 때랑은 차원이 다르더라구요.
887,근데 애가 있으니까 뭐 할 수 있는 게 없어. 키우는 것만으로도 벅차.
888,대학교 다닐 때 엄청 마셨죠. 근데 저는 술자리가 좋다기보다는 술 자체가 좋아요.
889,"나이 들면서 마시는 양이 더 늘었어요. 하루에 한 번은 꼭 먹고, 많이 먹으면 혼자 4병까지도 먹었어요."
890,"이제는 맥주가지고는 안 되고, 소주 한 병은 먹어야 잠을 잘 수 있어."
891,"술 마지막으로 마신 지 한 15일 됐을 거에요. 소주 3,4병 정도 먹었어요."
892,술 마시면 취할 때까지 끝까지 마셔.
893,"주변 사람들이 그만 마시라고 좀 말리는 편인데… 아니, 뭐 술 먹고 뒈져도 내가 뒈지지, 지들이 뒈지나?"
894,일 주일에 2번은 술을 먹는 것 같아요. 한 번 먹을 때마다 소주 한 병 반 정도?
895,근데도 술을 끊지는 못하겠어요.
896,제가 술 마시는 걸 좋아해요.
897,젊을 때부터 술을 많이 마셨거든요.
898,나도 옆에 있다 보니 닮아가나 봐. 술꾼이 다 됐어.
899,같이 마실 때도 많고 나 혼자 마실 때도 있어.
900,얼마 전에 일 때문에 파주에서 일산으로 집을 옮겼어요.
901,서초동 쪽에 마음에 드는 집이 있어서 계약을 했지.
902,결국 이사를 해야 했어요.
903,이렇게 맞고 사는데 당연히 이혼 생각했죠.
904,"참 좋은 분들이라고 생각했는데, 그걸 알자마자 바로 이혼하라고 하시더라고요."
905,"지금 생각하면 그냥 애 하나로 끝냈어야 했는데, 나도 참 바보지…. 덜컥 둘째 갖고…."
906,설마 하고 임테기를 사서 봤는데… 빨간 줄이 두 줄이더라고요.
907,8월에 계획에 없던 애기가 덜컥 임신이 된 거야.
908,아기가 중간에 잘못돼서 임신중절 수술을 받았어.
909,6개월이 지난 상태라 거의 출산에 맞먹을 정도로 몸에 무리가 많이 간다고 하더라구.
910,"작년에 우울한 기분이 없어지지 않고, 쭉 지속된다는 걸 느끼고 이게 우울증인가 싶었어."
911,이게 우울증인가?
912,작년부터 우울증 증세가 있었어요.
913,나한테 무슨 이상이 있는 건 아닐까?
914,저한테 무슨 문제가 있다는 생각이 계속 들었거든요.
915,역시 저한테 무슨 이상이 있는 거겠죠?
916,남편 사업 때문에 한국에서 살고 있어요. 갓 돌 지난 애도 있어요.
917,"큰 애는 중3, 작은 애는 초등학생이야."
918,둘째가 이제 10개월이야.
919,데이트를 몇 번 했던 남자가 새벽에 집을 찾아왔어요.
920,처음 사귄 남친은 저보다 8살 많았어요. 관심사가 전혀 달라서 말이 안 통했어요.
921,얼마 전부터 친구 따라 교회에 다니기 시작했어.
922,길 가다보면 이상한 종교 집단에서 나와서 전도하는 게 많잖아요.
923,성령님이 저에게 시험을 내신 거라고 생각해요.
924,그러다 지금 일하는 회사에 작년에 취업이 됐어.
925,지금 삼성전자에 다녀.
926,"잡지 기자로 일하고 있는데, 다른 건 다 괜찮아."
927,작년 말에 회사를 관둘까 말까 고민하면서 엄청 스트레스를 많이 받았었거든.
928,그런데 하던 일을 갑자기 그만두기가 힘들잖아요.
929,어머니께 식당일 때문에 아무것도 못한다고 말씀 드렸더니 그만두고 내 일을 찾아가라고 하셨어요.
930,그랬더니 오늘 가니까 일을 아주 산더미처럼 주더라?
931,"계속 나한테만 어렵고 힘든 일 시키고, 잠깐 쉬고 있으면 엄청 닦달하고."
932,요즘 일이 좀 많긴 했어요. 2분기 거의 막바지라…
933,그래서 조금 힘들어진다 싶으면 회사를 관두고 다른 곳으로 이직했어.
934,회사를 길어야 3개월 정도 다니는 거 같아.
935,결혼 전부터 했던 인테리어 일을 다시 하고 있어요.
936,어쩌다 운 좋게 다시 원래 다니던 회사 들어왔어요. 다행이었죠.
937,이번 주 월요일부터 다시 사무실에 출근하고 있거든.
938,"그런데 점점 다니다 보니까 이 회사에 장점이 하나도 없다는 생각이 들고, 너무 내가 손해를 보는 거 같아."
939,"참고 참다가 엄마한테 말을 했는데, 이제 그만두고 내 일 찾아서 가래요."
940,출근이 지긋지긋해. 나도 장사나 할까 싶고…
941,문제는 취업하고 나서 일을 하기 시작하니까 업무가 내가 생각했던 거랑 너무 다르더라고.
942,잡일은 너무 많고… 일에 만족감이 하나도 없는 거야.
943,안 먹어야지 해도 회사에서 스트레스 받으면 어떻게 할 수가 없어요.
944,그때 스트레스가 좀 심했거든요. 그 회사가 워낙 일이 빡빡해서.
945,직장에서 스트레스 받아가며 아등바등 살 필요가 있나 싶더라고요.
946,직장생활은 별로 문제될게 없어. 나름대로 성공한 삶인 것 같아.
947,지금 5년째 근무 중이야. 일은 그럭저럭 할만해.
948,내가 지금 하는 일이 진짜 단순한 일이야.
949,"계속 모니터 화면 보고 확인하고, 체크하고…"
950,지금 회사로 옮긴 지 2년 정도?
951,"연봉도 조금 더 오르고, 대우도 괜찮은 거 같아서 지금 회사로 옮겼어요."
952,"회사를 옮기면서 직급도 올라서, 지금은 과장이에요."
953,더 이상 일이 안 될 정도여서… 결국 퇴사를 하고 회사에서 나왔어요.
954,결국 내가 먼저 관두겠다고 말했어.
955,더 이상 여기 있어도 아무 도움이 안 되겠다 싶어서 지난주 월요일에 사표를 냈어.
956,일단 부장 간호사님께 말씀 드리고 쉬는 중이에요.
957,아직 육아휴직중이에요.
958,"일도 다 싫고, 당장이라도 때려치고 싶은데, 팀장이 계속 잡아서 일단 휴직계를 낸 상태예요."
959,담임 선생님이 그냥 인문계 가는 것보다 상고로 가는 게 취직이 빠르다고 해서 상고로 갔어.
960,"회사에서 회계 쪽으로 일을 했는데, 일을 하다 보니까 대학을 안 가면 승진이 안 되겠더라."
961,요즘 공무원이 최고잖아. 연금도 나오고.
962,"하고 싶은 것도 딱히 없고, 빨리 취직하고 싶어서 상고에 갔어요."
963,나도 빨리 돈을 벌고 싶기도 했고… 상고 졸업하고 바로 취업을 했어.
964,진짜 난 안 되나 보다… 싶을 때 지금 회사에서 연락이 왔어요.
965,"대학 졸업하고, 1년 동안 지겹게 놀았어."
966,"다른 애들은 다 취업했는데, 저만 아직 취준생이에요."
967,대학 졸업하고 3년 째 취업 준비 중이야.
968,취업도 힘들고…
969,결국 요양원에 모시고 다시 일을 구하고 있는데 생각처럼 일이 안 잡혀.
970,영문과 졸업했는데 취업하기가 너무 힘들어.
971,아픈 데 없이 건강한 애였는데…
972,"어제는 우연하게 동네 친구를 만났는데, 너 아직 호주에 있는 거 아니었냐고 묻는 거야."
973,항상 붙어다니는 친구가 3명 있거든.
974,차라리 학교 다닐 때가 나았다 싶어요. 친구들도 자주 못 보고.
975,친구들한테도 연락하기 힘들어.
976,친구도 뭐… 그냥 형식적인 사이고…
977,얼마 전에 걔한테 진짜 크게 배신 당했어.
978,고등학교 때 친하게 지냈던 친구한테 배신 당한 적이 있어.
979,우리집 가정사를 다 얘기할 만큼 친한 친구였는데…한 순간 배신 당했어.
980,"가족이랑 친구들 다 일본에 있는데, 힘든 일 있어도 얘기할 사람 하나 없고…."
981,아는 사람은 교회나 남편 친구들밖에 없어.
982,저는 여자들이랑은 잘 어울리는데 동성 친구는 한 명도 없어요.
983,버릇이 없다나 뭐라나.
984,"당신은 애들한테 신경이나 쓴 적 있냐, 늦게 들어올 때 내 눈치 본 적 있냐, 내가 힘들다고 하면 뭘 그렇게 잘 해줬냐고…"
985,자기 마누라를 갖고 놀았다나..뭐라나…
986,학교 가는 데에만 2시간씩 걸리는 게 너무 아까운 거야.
987,소묘를 전공해서 더 그런 것 같아요.
988,고등학교는 상고 나왔어요.
989,"고등학교 때는 친구들이랑 별 문제 없이 잘 지냈는데, 선생님과 사이가 안 좋았어요."
990,그런데 담임 선생님이 저를 못마땅하게 보는 거 같아요.
991,다른 애들도 다 졸고 있는데 저한테만 왜 자냐고 혼내키고…
992,"학교를 잘 안 나가니까, 출석미달로 뜬 수업이 많았어요."
993,원래 학교는 좀 띄엄띄엄 다니긴 했거든.
994,학교에 등록은 해놓고 1학기는 거의 안 나갔어요.
995,"중학교 때, 같은 반 남자애들이 왕따를 시켰어. 내가 여자 애들하고만 놀았는데, 그게 못마땅했던거지."
996,중학생 때부터 왕따를 당했어요.
997,고2 때 왕따를 당했어요.
998,결국 학교 그만 뒀어요.
999,학교도 그만뒀어.
1000,고1때 자퇴했어.
1001,난 계속 공부를 해서 박사까지 따고 싶거든?
1002,유치원 특수 어린이 교육 과정을 밟고 있어요.
1003,그때 온갖 사교육은 다 받은 거 같아.
1004,작년부터 성적이 더 나빠졌어.
1005,머리가 나쁜 편이야.
1006,남들 두 배로 공부해야 겨우 중간 정도 유지하는데…
1007,저는 혼자 공부했는데 성적이 괜찮은 편이었어요. 그래도 친구들에 비해 부족한 감이 있었어요.
1008,공부도 그럭저럭 하는 편이라 괜찮은 학교에 들어갔어요.
1009,중학교 때는 성적이 늘 상위권이었어요.
1010,학교 다닐 때는 전교권이었어.
1011,친구들이 항상 모르는 문제 나한테 물어보고 그랬지.
1012,학교 다니면서 힘들 때도 많았지만 제가 꿈 꿨던 일이라 정말 열심히 공부했어요.
1013,그러니까 완전 난리가 난 거야.
1014,"어디 산다더라, 뭘 입는다더라, 뭘 먹었다더라, 무슨 머리를 했다더라, 그런 거요."
1015,마침 되게 잘 봐주는 곳이 옆 동네에 있었어.
1016,다행히 수술은 잘 됐는데… 이게 잘 재발한다는 거예요.
1017,딱히 요즘 힘든 건 없었어요.
1018,그 후에 딱히 큰 이상은 없었어요. 지금도 그렇구요.
1019,그러다 말았고 이제는 또 안 그래서 그냥 잊고 사는데…
1020,그래서 이 얘기도 했는데 그 덕분인지 진짜 증상이 확 줄었거든.
1021,상담 덕분인지 뭔지 모르겠지만 하여튼 우울감도 줄고 환청도 안 들리게 됐어.
1022,첨에 그게 나타난 게 한 7년 쯤 됐나?
1023,내일은 좀 낫겠지 내일은 좀 낫겠지 싶었는데 계속 똑같아.
1024,여전한데 그냥 안 가고 있어.
1025,특별히 스트레스 받을 일은 없어요.
1026,특별히 무슨 일이 있거나 그런 건 아니에요.
1027,학교에서 누가 괴롭히거나… 그런 건 없는데요.
1028,"실수 좀 해도 괜찮다, 틀려도 괜찮다 생각은 하긴 하는데 잘 안 돼."
1029,그래서 혼자 잘 다독이고 의연하게 지내려고 노력했어요.
1030,"그럴 일 없다, 안 그럴 거다 스스로 다스려봤는데 잘 안 됐어요."
1031,"어떻게든 진정을 해보려고, 심호흡을 하는데도 소용이 없더라고."
1032,"캔들 있잖아, 그것도 사다가 피워 보고… 근데도 아무 소용이 없더라."
1033,마음을 편하게 먹어 보려고 했는데 그게 잘 안 되더라고…
1034,일부러 술 생각 안하려고 야간 헬스장 다니면서 미친듯이 운동도 했어.
1035,가벼운 운동도 하는 게 좋다고 해서… 운동도 하려고.
1036,일부러 운동으로 몸을 혹사 시켜서 거의 기절하듯이 자고는 있는데…
1037,그냥 집에서 푹 쉬면 되겠지 싶어서 그날은 집에 일찍 들어가서 쉬었지.
1038,너무 힘든 날은 하루종일 집에서 쉬었어.
1039,힘들면 잠시 앉아서 쉬면 낫더라고..
1040,가슴도 답답한 게 터져버릴 것 같고…
1041,잠에서 깨어날 때 위에서 누가 누르는 것처럼 가슴이 답답해.
1042,가슴에 돌덩이 올려놓은 것처럼 답답하고…
1043,가만히 있는데도 가슴이 벌렁벌렁 떨리고…
1044,일주일에 세 번 정도 가슴이 미친 듯이 뛰어요.
1045,자꾸 그 생각만 하면 가슴이 쿵쿵 뛰는 것 같아요.
1046,회사에서 일하는데 갑자기 가슴이 찌릿 통증이 오는 거에요.
1047,원래도 약간씩 가슴이 아플 때가 있었어요.
1048,명치 쪽이 너무 아파서 바닥에 누워있다가 겨우겨우 일어났어요.
1049,무슨 큰 병이라도 있는 건 아니겠죠?
1050,병원에 가봐야 할까요?
1051,제 몸에 무슨 문제가 있는 거 아닐까요?
1052,어쩔 때는 사람을 막 패고 싶기도 해.
1053,손에 잡히는 거 아무거나 잡아가지고 한바탕 난리를 부렸어.
1054,누군가 나를 치기 전에 내가 먼저 쳐야 하는 거 아닌가 이런 생각도 들고.
1055,자다가 갑자기 숨이 안 쉬어져서 눈을 떴어. 머리가 핑핑 돌고 죽을것 같아서 바로 응급실에 갔지.
1056,처음 공황발작이 있던 건 작년쯤이었어요.
1057,나중에 알고 보니까 이게 공황 발작 증상이라더라.
1058,"알바하는 중에 그 오빠 페북에 들어가봤는데, 약간 나한테 쓴 거 같은 글이 있는 거야."
1059,내가 열 번 스무 번 생각해봤는데 아무래도 내 이야기가 맞는 거 같아.
1060,저를 보호해주려고 미행을 붙인 거 아닐까요?
1061,"오전 수업을 들으려면 8시에는 일어나야 하는데, 엄마가 깨우지 않으면 일어나지도 못해요."
1062,수업 빠지면 뭐… 아침에 내내 잠만 자는 거지.
1063,그리고 하루 동안 몰아서 12시간 넘게 잠만 자요.
1064,그리고 또 요즘들어 기억력이 자꾸 떨어지는 것 같아.
1065,"일할 때도 손에 컵 들고, 어디 있는지 찾고… 이게 한 두 번이 아니라서 심각한 것 같아."
1066,근데 한 두 달전부터 자꾸 잘 잊어버리는 거에요. 핸드폰 손에 쥐고 찾는 건 기본이에요.
1067,"잠도 못 자고 날밤 샐 때가 많고, 몇 분 전 있었던 일도 까먹고, 일에 집중할 수가 없더라고요."
1068,금방 있었던 일도 아득하게 멀게 느껴져. 피부에 딱 안 와 닿는다고 해야 될까?
1069,"기억력도 안 좋아진 것 같고, 어디 한 군데 집중하기가 힘들어요."
1070,근데 다음날이 되니까 기억이 하나도 안 나는 거야.
1071,그 전에 병원을 다니면서 치료를 받긴 했는데 자세한 건 기억이 안 나요.
1072,부모님 집까지 온 건 알겠는데… 어디를 가야 할지 모르겠어서 발길 닿는 대로 걸었어요.
1073,5일 전에는 새벽에 일어나서 화장실을 가다가 순간적으로 정신을 잃었어.
1074,새벽에 일어나서 화장실을 가는데 갑자기 힘이 쫙 풀리면서 쿵 하고 쓰러졌어요.
1075,저는 소파 아래에서 빨래 개고 있다 맞아서 잠깐 기절했어요.
1076,"제 친구도 지하철 멀미가 있다고 해서 안심을 했는데, 한 번 기절할 뻔하고 나니까 그게 아닌 거 같은 거예요."
1077,기절할 것 같은 느낌이 들어서 중간에 내렸어.
1078,기절하는 줄 알았어요.
1079,사람 많은 곳도 별로 안 좋아해요.
1080,"동기 모임도 안 나가고, 서서히 사람들과의 접촉이 줄어들었어요."
1081,사람들한테 안 맞춰줘도 되고 편하니까 점점 혼자 다니게 되더라고요.
1082,말도 한마디 안 걸고… 저도 지기 싫어서 먼저 말 안 했죠.
1083,서로 말도 잘 안 걸어.
1084,"말 한마디도 대꾸 안하고, 지금 카톡오는 거 다 씹고 있어."
1085,"일할 때도 무슨 일이 생긴 것도 아닌데, 가슴이 두근두근해서 누가 알까봐 긴장돼요."
1086,그때부터 가슴이 막 두근두근하는거야. 진정하려고 손으로 눌러도 계속 두근두근…
1087,"심장도 막 두근두근하는 게 느껴지는데, 이대로 앉아 있을 수가 없겠더라고요."
1088,"요즘에 불면증이 좀 심해졌는데, 수면을 충분하게 취하지 못하니까 심장이 불쾌하게 두근거려."
1089,"몸은 진짜 피곤한데, 잠이 안와요. 누우면 계속 뒤척이고, 심장이 두근두근거려요."
1090,"어제는 잠이 안 오니까 심장이 두근거리고, 심장이 두근거리니까 못 잤어."
1091,그런데 열흘 전부터는 골이 쪼개질 듯이 아픈 거야.
1092,저녁에 머리가 제일 많이 아파.
1093,머리 위에 꼭 누가 바위라도 얹어놓은 것 같아요.
1094,저녁엔 두통이 심해서 못 자.
1095,새벽까지 두통 때문에 뒤척이다가 해가 뜨면 지쳐서 잠들어.
1096,"아티반을 처방받았는데, 머리가 아프고 술 마신 것처럼 몽롱하고, 잠도 2시간 밖에 못 잤어."
1097,그때부터 몸이 절절거려서 아무것도 할 수가 없어요.
1098,학부모 눈을 못 마주치겠어요. 잘못한 것도 없는데 너무 떨리네요.
1099,떨면서 문 열고 무릎 꿇고 싹싹 빌었죠. 잘못했다고.
1100,"회사에서 야근을 많이 하는 것도 아닌데, 난 왜 이렇게 피곤할까?"
1101,잠을 많이 자면 많이 잔 대로 피곤하고… 적게 자면 적게 자는 대로 피곤해요.
1102,"조금만 움직여도 피로가 금방 느껴지니까, 생활 반경이 작아지는 게 느껴져요."
1103,특별히 뭐 잘 못 먹은 것도 아닌데 속이 안 좋아요.
1104,특히 밤에 잘 때 누워있으면 속이 이상해요.
1105,"빈속이어도 속이 안 좋을 수 있긴 한데, 그렇다고 밥을 아예 안 먹은 것도 아니거든요."
1106,살 이유가 없어.
1107,남들하고 다 똑같이 살아서 뭘 하나 싶어.
1108,사는 게 의미가 없어.
1109,방학 되면 그냥 집에 있었어요. 아무것도 안 하고…
1110,아무 것도 하기 싫어서 종강하자마자 집에만 틀어박혀 있고…
1111,하루를 대부분 누워서 흘려 보내는 거 같아요.
1112,기운도 하나도 없고 하고 싶은 일도 없고. 그냥 무슨 욕구 같은 게 없고…
1113,1월부터 에너지가 없어서 아무것도 하기 싫어. 의욕이 안 생겨.
1114,"뭘 하고 싶은 의지가 없고, 기운도 없어요."
1115,"지옥을 맛보게 해준다고 협박한 게 생각나고, 목 조르고, 때리는 게 계속 떠올라."
1116,요즘은 다른 생각은 하나도 안 들어.
1117,왠지 뭘 자꾸 빼먹은 거 같고…
1118,그 때 그 상황을 잊을 수가 없어요.
1119,눈 감으면 눈앞에 솥뚜껑 같은 남편 손이 막 날아다녀.
1120,그 남자 무서운 눈빛 같은 게… 자꾸 눈앞에 어른거리고.
1121,"책상 서랍이 닫혔는지 계속 확인하고, 문도 분명 잠갔는데 불안해서 다시 확인하고…"
1122,내가 원해서 계속 반복적으로 확인을 하는 게 아니야.
1123,확인만 하다가 하루가 다 가는 기분이에요.
1124,사람들이 잘 안 듣는 거 같으면 내 얘기의 요점을 자꾸 반복해서 말하게 돼.
1125,"제가 무슨 말을 했는데 상대방이 반응이 미적지근하거나, 대답이 시원찮으면 또 말하게 돼요."
1126,반복적으로 이야기를 하는 게 저도 의식이 되거든요.
1127,"퇴근할 때 문단속을 제가 하는데, 문고리를 보통 3번 4번은 확인해야 마음이 놓여요."
1128,"작년 여름부터 대문, 트렁크 할 거 없이 제대로 잠겼는지 여러 번 확인을 해야 마음이 편했어요."
1129,특히 외출할 때 집 문을 잠갔는지 계속 확인을 하게 되더라.
1130,손을 자주 씻어요.
1131,하루에 30번 이상은 손을 씻는 것 같아.
1132,너무 많이 씻어서 주부습진이 생겼어.
1133,그 뒤로는 퇴근할 때마다 이게 제대로 꺼졌는지 여러 번 확인해요.
1134,계속 반복적으로 확인을 해야 마음이 편해요.
1135,강아지한테 밥 줬나… 화장실 정리는 했나… 가스는 잠갔나… 생각날 때마다 확인해요.
1136,발작증상은 반년에 한번 정도 오는 것 같아.
1137,괜찮았는데… 간헐적으로 경기를 하게 되더라고.
1138,물 마시고 잠시 쉬고 있는데 발작 증상이 나타났고 1시간 정도 지속됐어.
1139,"원래 머리 닿자마자 바로 잤는데, 지금은 잠이 안와서 계속 뒤척이다 새벽 5시쯤 자는 것 같아요."
1140,잠 푹 잤던게 언제인지 기억이 안 나.
1141,그게 어떻게 모은 돈인데… 그때 일만 생각하면 잠도 안 와.
1142,"어제는 자려고 누웠는데, 자는 동안 뭔가 일어날 것 같아서 불안한거에요. 잠을 못 자요."
1143,맘이 불안하니까 잠들기도 힘들고…
1144,잠도 안 오고 불안하고…
1145,밤에 누워 있으면 별별 잡생각이 다 들어요.
1146,잠자리에 누우면 쓸데없는 생각만 들어요.
1147,이런저런 생각 하다 보면 시간이 훌쩍 지나요.
1148,"스트레스가 있긴 했는데, 잠을 좀 설치는 거 말고는 다른 건 없었어."
1149,"스트레스는 계속 받았는데, 잠을 제대로 못 자는 정도였지 다른 증상은 없었어요."
1150,아무튼 이게 되게 스트레스였는지 잠도 좀 잘 못 자고…
1151,꿈도 많이 꾸고 작은 소리에도 깜짝 놀라서 깨곤 했어요.
1152,힘들게 잠들어도 중간에 잘 깨고 다시 잠들기도 힘들어.
1153,예민해서 잠을 설칠 때도 있구요.
1154,"계속 자다 새벽에 깨고, 뭔가 자도 개운치 않은 느낌이 몇 년 동안 계속 있었거든."
1155,불면증 약을 처방 받았는데도 효과가 별로 없었어요.
1156,계속 불면 중이에요.
1157,잠을 자도 개운하지가 않았어요.
1158,잠도 안 오고... 그래서인지 힘도 없고 피곤해.
1159,잠을 자도 잔 것 같지 않고… 낮에는 병든 닭처럼 비실비실 해요.
1160,생리가 2달인가 안 나왔는데 대수롭지 않게 넘어갔어요.
1161,그런데 스키장 다녀오고부터 생리가 안 나오는 거야.
1162,생리가 규칙적이지 않아요.
1163,남편이 저보고 강해졌대요.
1164,나 원래 안 그랬거든. 항상 자신감에 차있고.. 굉장히 긍정적인 성격이었거든..
1165,원래 굉장히 친화력이 좋은 편이었는데..성격이 완전 바뀐 느낌이예요.
1166,"근데 갑자기 막 하고 싶어지고, 야동도 찾아보게 되고, 자위도 처음 해봤어요."
1167,"자위도 혼자 처음 해보고, 성적인 욕구가 는 것 같아요."
1168,자위를 처음 해봤어요.
1169,언제부터였지? 소화가 잘 안 되는 거 같아요.
1170,8살 때는 제 밥 다 먹고 동생 것도 엄청 먹다 체한 적도 있어요.
1171,항상 배가 차가워.
1172,"뭐 사왔으니까 먹었는데, 밥을 먹고 먹어도 속이 쓰린 거야."
1173,근데 그걸 먹고나서부터 속이 너무 쓰린 거야.
1174,"한 번은 속이 쓰려서 새벽에 깼는데, 남편은 너무 평화롭게 잘 자는 거야."
1175,눈이 나빠졌어.
1176,안경을 써도 렌즈를 껴도 이러니… 도저히 어떻게 해야 할지 모르겠어.
1177,그리고 나서 깨고 별 생각 없었는데 그 후부터 눈이 잘 안 보여.
1178,입이 까칠해서 먹고 싶지도 않고…
1179,밥 먹는데 뭔가 모래알 씹는 느낌이어서 커피만 계속 마셨어요.
1180,하루에 한 5~6잔 정도? 속은 안 쓰리더라고요.
1181,"5일 동안 밥도 제대로 못 먹고, 잠도 거의 못 잤어."
1182,그날 이후로는 잠을 잘 수도 밥을 먹을 수도 없어요.
1183,밥맛도 없고… 잠을 깊게 못 자요.
1184,식욕이 뚝 떨어져서 한 달에 3키로가 한꺼번에 빠졌어.
1185,입맛도 없어서 커피만 하루에 대여섯잔 마시다보니 살도 6kg이나 빠졌어.
1186,식욕이 엄청 떨어졌어.
1187,"중간 쯤 되는 자리에 앉아서 수업을 듣는데, 목이 너무 떨려서 꼭 머리가 떨어질 거 같은 거예요."
1188,3년 전에 강의실에서 강의를 듣는데 갑자기 목이 가눠지지 않는 거야.
1189,3년 전에 500명 이상이 모여서 강의를 듣는데 갑자기 목을 가누지 못할 정도로 이상이 와서 힘들었어요.
1190,꿈에서 대낮에 걷고 있는데 갑자기 남자 둘이 제 팔을 잡고 끌고 가서 입을 막고 트렁크에 싣고 가는 거야.
1191,그러다 무슨 폐건물 이런데 가서 톱 같은 걸 들고 나한테 다가오는 거야.
1192,"눈을 떴을 때, 내 눈에 잘린 내 팔이 보여."
1193,하루라도 안 마시면 뭔가 허전해요.
1194,술이 깨면 다시 또 술을 마시고…반복이예요.
1195,내가 술을 진짜 많이 마시거든? 거의 중독 수준으로.
1196,물구나무 서면 피가 머리로 쏠리잖아요. 그게 내내 계속되는 느낌?
1197,나도 모르게 스트레스 엄청 받았는지 어제 샤워하는데 갑자기 막 어지럽고 현기증이 나는거야.
1198,술 먹은 것처럼 주변이 빙빙 도는 느낌? 그래서 중간에 나왔어. 더 있으면 쓰러질 것 같아서…
1199,휴학하고 나서 계속 집에 있었어요.
1200,잘 나가지도 않고… 아주 가끔 필요한 거 있을 때만 나갔어요.
1201,"증상이 좋아졌다가 악화됐다가 하는데, 작년에는 세 달 동안 침대 밖으로 나오지를 못했어요."
1202,점심 먹고 이 닦으러 화장실 가는데 귀에서 뭔가 삐익 소리가 들리고… 무슨 문제가 생긴건지 걱정되요.
1203,심장 두근대는 소리가 귀에서도 계속 들리는데… 미치겠어.
1204,아무것도 없는데 귀에서 벌레 날아다니는 소리가 계속 들리거든?
1205,내 안에 다른 내가 있는 느낌?
1206,거울 속의 내가 낯설게 느껴져.
1207,가끔씩 내가 내가 아닌 느낌이 들어.
1208,사소한 일에도 실수가 많아진 거 같아요.
1209,친구들이랑 대화를 할 때도 단어가 잘 안 떠올라.
1210,인지능력도 떨어진 것 같아.
1211,죽어버리려고 몽롱한 정신으로 팔목을 그었어.
1212,집에서 술을 잔뜩 마시고 홧김에 옥상에 올라갔어요.
1213,너무 불안해서 출근해서도 일을 제대로 할 수 없었어. 주변 사람들한테 피해를 주는 게 너무 괴로워서 자살하려고 했어.
1214,내가 날 어떻게 할 수 없을 것 같아 자해도 했어.
1215,그래서 커터칼로 팔을 그었어.
1216,아픔이 느껴지면 이상한 생각이 안 들 거 같아서 피가 날 때까지 딱지 앉은 곳을 헤집곤 했어.
1217,어제도 손발이 갑자기 저린거야. 순간 또 마비될 거 같은 기분이 들어서 칼슘을 먹었어.
1218,그랬더니 그 다음부터 손발이 저리기 시작하는 거야.
1219,"평소처럼 중앙자리에 앉았는데, 자리에 앉고 나서 10분? 20분 쯤 지나니까 손발이 저리더라."
1220,집에 아무도 없고… 그냥 거기서 죽을지도 모르겠단 생각이 들었어요.
1221,너무 힘들고… 이러다가 비명횡사하는구나 싶었어.
1222,목이 졸려서 죽을 것 같았어요. 너무 무섭고…
1223,그러고 얼마지 않아 숨이 안 쉬어지면서 죽을 것 같은 느낌이 들었어요.
1224,그래서 한참동안 소파에 앉아서 숨만 골랐어요. 죽을 것 같아서.
1225,숨이 너무 차서 창문을 열었는데도 진짜 죽을 것 같았어요.
1226,그리고 매 순간 정신이 다른 데에 팔린 느낌? 현재 이 순간에 집중을 해야 하는데… 머릿속이 뿌연 느낌.
1227,"일부러 그러는 것도 아닌데, 딴생각이 그냥 머리에 흘러 들어온다는 느낌?"
1228,머릿속에서 계속 맴돌기만 하고 정작 적으려고 하면 잘 안 된다고 해야 하나.
1229,근데도 체력이 딸리는 거 같아.
1230,몸무게는 그대로인데 체력은 엄청 떨어졌어.
1231,체력도 계속 떨어져서 힘들어.
1232,그러고 사니까 살이 6kg이나 빠지더라고요.
1233,"계속 잠 제대로 못 자고 불안하고, 밥도 먹는 둥 마는 둥 하니까 살도 6kg이나 빠졌어."
1234,그랬더니 살이 10KG이상 빠지더라고요. 개강 하니까 다들 놀랬죠.
1235,움직이는 양이 줄어드니까 살도 많이 쪘어요.
1236,몸무게도 늘고요.
1237,그걸 반복했더니 1년 사이에 10키로가 넘게 찌더라.
1238,놀이동산에 자이로드롭을 타고서부터 컨디션이 계속 안 좋았어. 장기가 중력을 심하게 받아서 그런가…
1239,하루종일 몸이 가라앉아 있어요.
1240,다리에 추라도 달아놓은 것처럼 무거워요.
1241,한 군데 고치면 다른 데가 아프고…
1242,나는 아파죽겠는데.
1243,며칠 전에는 집에서 그냥 TV를 보고 있는데 너무 아픈 거예요.
1244,목이 너무 아파요.
1245,목을 돌리지도 못할 정도로 아파요.
1246,"오히려 앉아 있을 때는 괜찮은데, 눕기만 하면 목에 통증이 더 심해져요."
1247,통증이 온몸을 돌아다니는 거 같아.
1248,온몸이 쑤셔서 죽겠어.
1249,몸이 안 아픈 곳이 없어.
1250,"의사가 주사를 놔주더라고. 거기까진 좋은데, 그 뒤로 이번에는 허리가 아픈 거야."
1251,허리가 많이 아파서 잘 못 움직여요.
1252,엎드리거나 옆으로 누워서 자면 좀 괜찮은데 그렇게 자니까 허리가 아파.
1253,요즘은 머리가 한쪽만 지그시 누르는 것처럼 무겁고 아파요.
1254,누가 제 머리 위에 맨홀 뚜껑을 올리고 꾹 누르는 느낌이에요.
1255,오른쪽 관자놀이에 뜨거운 못을 망치로 때려 박는 거 같아요.
1256,새벽에 먹고 싶은 거 다 시켜서 배 터질 것 같아도 먹었어요.
1257,나중에는 맛이 안 느껴져도 안 먹으면 불안해서 먹어요.
1258,"새벽에 그렇게 먹고 일어나면 얼굴이랑 목 심하게 붓고, 회사 가기도 싫고…"
1259,"회사에 신입이 들어왔는데, 눈치도 없고, 하나 가르쳐줘도 다 까먹고… 답이 없는거에요."
1260,그때부터 먹는 걸로 스트레스를 풀었던 것 같아요.
1261,7월부터 먹는 걸로 스트레스 풀었던 거 같아.
1262,요즘 너무 피곤해요.
1263,그래서 피곤하긴 했어.
1264,약간 피곤하긴 해도 딱히 스트레스 받는 일은 없었어.
1265,자도 잔 것 같지도 않아요.
1266,몸이 휘청댈 만큼 피곤하지만 머리가 잠 들지 못하는 느낌이예요.
1267,어제도 네 시간 겨우 잤나. 근데 계속 자다 깨다 반복해서 너무 피곤해.
1268,모든 사람들이 다 내 흉을 보는 것 같은거에요.
1269,학교에서도 애들 얘기하고 있으면 내 욕 하냐고 막 싸우고 그랬어요.
1270,선생님이 날 미워해서 사사건건 감시한다고 생각해서 수업시간에 소리지르고…
1271,지금도 저 감시하고 있다니까요.
1272,남편이 나 어디 멀리 여행갔다고 거짓말하고 못 만나게 막고 있어.
1273,내 돈도 내 맘대로 못 써. 내 지갑에 든 돈 하나하나 다 세고 감시해.
1274,남편이 꼭 친구들이랑 모임이 생기면 집에 일찍 들어와서 밖을 못 나가게 해.
1275,"돈을 꼬치꼬치 어디다가 썼냐고 물어보지는 않는데, 남편이 나 없을 때 지갑을 한 번씩 확인하는 거 같아."
1276,남편이 나를 너무 사랑해서 매 순간을 감시하는 것 같아.
1277,아무래도 남편이 나 몰래 어머니한테 돈을 보내고 있는 거 같아요.
1278,생활비라고 300만원 정도를 들고 오는데… 곰곰이 생각해보니까 저한테 얼마를 버는지를 정확히 말을 안 하거든요.
1279,얼마 전에 시동생이 차를 샀는데… 남편이 저 몰래 거기다가 돈을 보태준 거 같기도 해요.
1280,"방마다 카메라 달려있고, 집에서 하는 얘기 다 도청되고 있어서 조심해야 해요."
1281,지난 번에 인터넷 하는데 다음 카페에 내가 어제 한 일이 시간별로 다 올라와있는거에요.
1282,제가 얼마나 놀랐겠어요? 학교 동창회 카페에도 제 사생활이 버젓이 올라가 있어요.
1283,"원래 잠자는 데 별 문제가 없었는데, 오늘 아침에 일어났는데 숨을 잘 못 쉬겠는거야."
1284,"비행기도 오래 타고, 러시아 가서 고산지대만 돌아다니니까 갑자기 호흡곤란 오고…"
1285,"작년에 공부한다고 도서관에 갔다 집으로 돌아왔는데, 현관 들어서자마자 숨이 턱 막혔어요."
1286,숨이 안 쉬어지고 갑갑해요.
1287,가슴이 갑갑하고…. 호흡이 너무 불편해요.
1288,밤에 들어오면 가슴이 답답하고 숨도 잘 안 쉬어지는 것 같고.
1289,눈앞에 벌레같은게 보일 때도 있어. 진짜 벌레인줄 알고 소리 질렀는데 자세히 보니까 아무것도 아니더라구..
1290,가끔 환시가 보이기도 해요.
1291,그런데 그 뒤로 가끔 눈에 헛게 보여.
1292,가만히 누워있으면 뭔가 시계소리 같은 게 규칙적으로 들렸어요. 정확히 뭔지는 모르겠어요.
1293,귀에서 계속 시계 초침 돌아가는 소리가 나더라고요.
1294,아무 데서도 소리가 날 곳이 없는데… 시계 초침 소리가 밤에 자려고 눕기만 하면 들려오는 거예요.
1295,몇 시간을 그렇게 고생하니까 병원 갈 기력도 없더라고요.
1296,온 몸에 힘이 풀리더라구요.
1297,한 발자국도 못 움직일 것 같고 온몸에 힘이 빠지고…
1298,할 수 없어서 대학병원에 입원해서 정밀검사를 해봤어.
1299,방금도 검사 하나 받고 왔어요.
1300,그래서 예약 잡아서 정밀검사 하고 오는 길이에요…
1301,그런데 아무 이상이 없다는 거야.
1302,검사를 하니까 이상이 없대요.
1303,"동네 내과 가서 검사를 받아봤는데, 큰 이상은 없고… 암이랑 증상이 비슷하다는 거예요."
1304,좋다고 하는 병원들은 다 찾아갔거든?
1305,아까 병원 갔다왔거든.
1306,병원 갔더니 저혈압이 심하긴 한데 그래도 죽을 정도는 아니래.
1307,병원에 입원해서 검사를 받았는데 아무 이상이 없대요.
1308,병원 가서 검사해봐도 별 문제가 없다는데 왜 이러는지 모르겠어요.
1309,병원에 가서 검사해봐도 별 문제 없다는데 왜 자꾸 이러는지 모르겠어.
1310,그래서 고등학생 때부터 병원에서 약 타서 먹었어.
1311,앞으로 계속 약을 먹어야 한다고 그러더라.
1312,할 수 없이 약을 다시 먹기 시작했어요.
1313,근데 약을 먹었는데도 안 낫더라고. 다른 병원가도 별 이상이 없대고…
1314,근데 웃긴 게 별 이상이 없다는 거야. 시력이 떨어진 것도 아니래.
1315,이 병원 저 병원 다 가봤는데 시원한 소리를 하나도 못 들었어.
1316,다행히 주변 사람들이 신고를 해줘서 응급실로 바로 갔어요.
1317,"그 사람이 응급실 의사한테 뭐라고 속닥거리니까, 저보고 갑자기 응급처치 끝났다고, 나가라고 하더라구요."
1318,파편이 튀어서 그 때 저도 응급실 가서 치료 받기도 했고…
1319,지금 상태가 너무 안 좋아서 학교 안 나가고 있어요.
1320,진짜 심해진 거 같긴 해요.
1321,그런데 증상이 나빠진 거 같아.
